time,open,high,low,close,volume
2017-02-28,60.7,60.7,60.7,60.7,12030
2017-03-01,64.92,64.92,64.92,64.92,99100
2017-03-02,69.42,69.42,69.42,69.42,190550
2017-03-03,74.25,74.25,69.42,74.25,2750050
2017-03-06,75.32,77.57,74.25,77.23,1155300
2017-03-07,77.23,77.28,73.12,74.47,901520
2017-03-08,73.12,74.47,71.1,73.07,916200
2017-03-09,72.34,73.63,72.34,73.41,635920
2017-03-10,73.41,73.63,72.39,73.63,436480
2017-03-13,73.91,74.14,73.24,73.63,566660
2017-03-14,73.29,73.52,72.79,72.79,410150
2017-03-15,72.51,72.79,68.01,68.29,662540
2017-03-16,68.29,68.57,65.48,65.48,477810
2017-03-17,64.97,68.01,63.51,66.04,496260
2017-03-20,67.45,70.65,66.6,70.65,307470
2017-03-21,70.65,72.96,70.48,70.48,348100
2017-03-22,70.26,70.76,69.36,70.26,380360
2017-03-23,70.26,71.66,70.09,70.82,402040
2017-03-24,71.38,72.45,71.38,71.94,557630
2017-03-27,72.23,73.63,72.23,73.01,454930
2017-03-28,73.63,75.15,73.07,73.57,475680
2017-03-29,74.14,74.14,73.07,74.02,426200
2017-03-30,74.19,74.19,71.94,71.94,363980
2017-03-31,73.01,73.01,71.94,72.0,318710
2017-04-03,71.94,72.79,70.71,70.71,282490
2017-04-04,72.51,73.01,70.88,71.94,459220
2017-04-05,71.55,73.12,71.1,72.34,596140
2017-04-07,72.56,72.62,72.34,72.56,350370
2017-04-10,72.56,73.91,72.45,73.52,765530
2017-04-11,73.63,74.19,73.57,74.08,206460
2017-04-12,73.69,75.65,73.69,75.37,458390
2017-04-13,75.32,75.54,75.2,75.43,278260
2017-04-14,75.49,75.54,73.63,74.87,335130
2017-04-17,73.91,75.2,73.07,74.02,227200
2017-04-18,73.12,74.08,71.94,72.51,263970
2017-04-19,72.51,73.91,71.89,73.86,255600
2017-04-20,73.86,74.08,72.79,73.97,313760
2017-04-21,74.14,74.14,73.46,73.86,218910
2017-04-24,73.86,74.08,72.73,72.73,229020
2017-04-25,72.73,72.73,71.66,71.94,212370
2017-04-26,71.94,72.68,71.94,72.62,204330
2017-04-27,73.63,73.63,72.0,72.0,229050
2017-04-28,72.73,72.73,71.66,71.78,225640
2017-05-03,72.34,72.34,71.72,71.89,244220
2017-05-04,71.89,73.07,71.89,73.07,251660
2017-05-05,73.18,73.18,72.23,72.96,234430
2017-05-08,73.01,73.01,72.51,72.84,244970
2017-05-09,73.07,73.35,72.5,72.96,292990
2017-05-10,72.96,73.92,72.73,73.92,421080
2017-05-11,73.75,74.09,73.47,73.86,425720
2017-05-12,73.64,74.09,73.35,73.64,329590
2017-05-15,73.07,73.58,72.5,72.79,342370
2017-05-16,72.79,72.79,71.94,72.5,381790
2017-05-17,72.62,72.9,71.6,72.5,361550
2017-05-18,72.5,72.5,71.6,71.94,233910
2017-05-19,71.94,72.39,71.6,72.39,347600
2017-05-22,71.65,73.07,71.65,72.73,239240
2017-05-23,71.94,72.67,71.94,72.39,270840
2017-05-24,72.39,72.39,71.88,71.94,274860
2017-05-25,71.94,71.99,71.14,71.37,291450
2017-05-26,71.43,71.94,71.43,71.82,303420
2017-05-29,71.65,72.39,71.65,72.39,233250
2017-05-30,72.39,72.39,71.94,72.22,232230
2017-05-31,72.16,72.39,72.05,72.39,291420
2017-06-01,72.39,73.64,72.28,73.64,312300
2017-06-02,74.2,75.28,73.98,74.2,510930
2017-06-05,74.2,74.2,73.35,73.64,312740
2017-06-06,73.64,74.2,73.52,73.69,344530
2017-06-07,73.69,73.92,71.94,72.22,426910
2017-06-08,73.35,73.47,72.45,72.45,357620
2017-06-09,72.9,72.9,71.65,71.94,339470
2017-06-12,72.33,72.67,71.54,71.94,245880
2017-06-13,72.45,72.45,71.71,72.28,281730
2017-06-14,72.39,72.45,71.94,71.94,435260
2017-06-15,72.67,72.67,71.65,71.65,283740
2017-06-16,73.52,73.52,71.71,71.94,313250
2017-06-19,72.5,72.5,71.65,71.88,272510
2017-06-20,71.65,71.77,71.37,71.65,379170
2017-06-21,71.77,71.77,70.8,70.86,475110
2017-06-22,70.86,71.09,70.12,70.24,356330
2017-06-23,70.41,71.37,70.35,71.37,372950
2017-06-26,71.6,71.94,71.14,71.37,323890
2017-06-27,71.37,71.37,70.8,70.8,389390
2017-06-28,71.31,71.37,70.58,70.69,319150
2017-06-29,70.69,71.54,70.24,71.54,438090
2017-06-30,71.88,71.88,70.69,71.54,350710
2017-07-03,71.2,71.2,70.63,71.2,454070
2017-07-04,71.31,71.31,70.46,70.75,332550
2017-07-05,71.26,71.37,70.63,70.92,426320
2017-07-06,71.54,71.54,70.92,71.14,336670
2017-07-07,71.2,71.2,70.8,71.14,341050
2017-07-10,71.14,71.26,70.75,71.09,362320
2017-07-11,71.26,71.26,70.52,71.03,357210
2017-07-12,71.37,71.37,71.03,71.31,329150
2017-07-13,72.5,72.5,71.37,71.94,416390
2017-07-14,71.88,71.88,71.65,71.88,347800
2017-07-17,71.94,72.16,71.54,71.94,330980
2017-07-18,71.94,72.45,71.88,72.33,353040
2017-07-19,72.5,73.07,72.33,72.73,419060
2017-07-20,72.84,73.01,71.77,71.94,309660
2017-07-21,71.37,72.39,70.63,70.97,318860
2017-07-24,71.26,71.54,70.29,71.2,286290
2017-07-25,71.77,71.88,70.52,71.37,355920
2017-07-26,71.37,71.37,71.09,71.37,321700
2017-07-27,71.65,71.94,70.97,71.48,332120
2017-07-28,71.36,71.88,71.36,71.54,278820
2017-07-31,71.54,71.83,70.85,71.59,380240
2017-08-01,71.59,71.83,71.25,71.77,431080
2017-08-02,71.77,72.06,71.36,71.94,286260
2017-08-03,71.94,72.23,71.36,71.94,339110
2017-08-04,71.94,72.17,71.48,71.88,395560
2017-08-07,71.83,72.17,71.42,71.88,307930
2017-08-08,71.48,72.0,71.48,71.77,317700
2017-08-09,71.83,71.83,71.08,71.08,292800
2017-08-10,71.08,71.65,71.08,71.36,305130
2017-08-11,71.36,71.83,71.31,71.42,245250
2017-08-14,71.59,71.83,71.31,71.42,250460
2017-08-15,71.54,71.59,71.19,71.36,284780
2017-08-16,70.79,71.31,70.79,71.19,302220
2017-08-17,71.19,71.19,70.56,70.56,308670
2017-08-18,70.62,70.79,69.93,70.79,303490
2017-08-21,71.25,71.25,70.96,71.08,282290
2017-08-22,71.08,71.31,71.02,71.08,326570
2017-08-23,71.25,71.36,71.08,71.31,419780
2017-08-24,71.36,71.94,71.25,71.59,349560
2017-08-25,71.94,72.0,71.65,71.88,264360
2017-08-28,71.88,71.94,71.65,71.88,243790
2017-08-29,69.06,71.77,69.06,71.65,315850
2017-08-30,71.65,71.94,71.25,71.77,272460
2017-08-31,71.88,72.0,71.54,71.83,378560
2017-09-01,72.23,73.38,72.23,73.26,511500
2017-09-05,75.91,75.91,74.82,75.16,648500
2017-09-06,75.34,75.45,74.99,75.28,363650
2017-09-07,75.34,75.57,74.76,74.99,444640
2017-09-08,75.11,75.28,74.24,74.99,359290
2017-09-11,75.39,77.64,75.05,76.83,758160
2017-09-12,77.12,77.35,76.77,76.83,532340
2017-09-13,77.35,77.35,76.83,77.29,703600
2017-09-14,77.7,79.42,77.58,79.25,927040
2017-09-15,80.0,80.46,79.25,79.25,499750
2017-09-18,79.88,79.88,78.67,78.9,690620
2017-09-19,78.62,78.9,78.44,78.56,591800
2017-09-20,78.85,79.19,78.62,78.9,555060
2017-09-21,79.42,79.71,78.79,78.9,494270
2017-09-22,79.44,84.36,79.36,84.36,1501950
2017-09-25,84.6,89.11,84.6,88.15,1020440
2017-09-26,88.23,88.23,85.97,86.61,626990
2017-09-27,85.81,86.37,84.6,86.21,730420
2017-09-28,86.45,88.15,86.21,86.94,582800
2017-09-29,87.42,88.06,86.61,87.18,661960
2017-10-02,87.42,87.82,85.97,86.69,689450
2017-10-03,85.41,86.78,83.79,84.12,483790
2017-10-04,84.6,85.24,83.79,84.6,760210
2017-10-05,85.0,85.57,84.2,84.92,715080
2017-10-06,84.6,85.08,84.2,84.84,420930
2017-10-09,85.16,86.05,83.96,85.24,872200
2017-10-10,85.97,85.97,84.36,84.6,968770
2017-10-11,84.6,85.0,83.87,84.68,817170
2017-10-12,84.68,87.66,84.12,86.94,1771470
2017-10-13,87.26,87.42,86.86,87.02,549900
2017-10-16,87.34,89.68,87.18,89.51,1313370
2017-10-17,89.43,90.4,89.03,89.43,636220
2017-10-18,90.16,91.29,89.43,89.51,1294640
2017-10-19,89.68,90.48,89.19,89.6,764160
2017-10-20,90.0,90.8,89.27,89.68,756360
2017-10-23,89.68,89.76,87.82,87.82,728700
2017-10-24,87.42,88.39,87.18,87.82,477240
2017-10-25,88.23,88.55,87.1,88.23,564720
2017-10-26,88.39,88.63,87.82,88.23,784480
2017-10-27,88.39,91.13,88.39,91.13,2163450
2017-10-30,91.85,92.74,90.8,92.25,1058430
2017-10-31,91.85,92.25,90.32,90.88,519280
2017-11-01,90.64,91.77,90.24,91.61,869490
2017-11-02,90.88,92.66,89.84,90.08,1135110
2017-11-03,90.08,91.45,89.27,91.37,847640
2017-11-06,91.37,92.25,90.88,91.45,873460
2017-11-07,91.21,91.69,90.88,91.45,871000
2017-11-08,91.53,94.19,91.53,93.62,2318320
2017-11-09,93.22,95.32,93.22,94.43,1522300
2017-11-10,94.99,95.32,94.43,94.99,1195570
2017-11-13,94.67,94.91,93.7,94.35,1404700
2017-11-14,94.11,96.44,93.14,95.07,1860900
2017-11-15,95.88,96.36,95.07,95.07,1014950
2017-11-16,95.07,97.49,95.07,97.09,1114240
2017-11-17,97.09,97.73,95.88,97.09,1129950
2017-11-20,97.25,97.57,96.69,97.33,741040
2017-11-21,97.41,100.31,97.41,99.91,1914190
2017-11-22,99.99,101.84,99.99,101.52,993620
2017-11-23,101.52,105.47,99.91,104.66,1536830
2017-11-24,104.74,105.15,103.13,104.34,1088920
2017-11-27,104.02,104.66,102.89,104.18,1181500
2017-11-28,104.1,106.84,103.78,106.84,1781670
2017-11-29,107.89,109.01,107.24,108.45,1030450
2017-11-30,108.77,111.11,108.77,108.77,1377580
2017-12-01,109.01,109.17,107.56,108.69,1000500
2017-12-04,108.93,109.42,108.45,109.34,897190
2017-12-05,109.17,109.66,104.74,104.74,1657830
2017-12-06,105.15,106.11,100.71,104.74,1451310
2017-12-07,104.74,105.71,101.12,102.33,1308260
2017-12-08,102.89,104.74,102.16,104.18,885970
2017-12-11,103.94,108.29,103.94,106.92,840620
2017-12-12,107.24,108.13,103.53,107.48,947520
2017-12-13,107.72,108.61,107.16,107.89,696280
2017-12-14,107.89,108.13,106.76,107.48,789290
2017-12-15,106.76,111.99,106.76,111.99,1495840
2017-12-18,112.32,114.33,112.24,113.61,1056920
2017-12-19,113.61,115.78,111.99,115.54,1292820
2017-12-20,115.54,115.86,114.01,114.98,880160
2017-12-21,113.61,115.06,112.4,112.64,1071190
2017-12-22,112.64,113.36,110.38,112.16,972310
2017-12-25,112.16,114.73,112.16,113.61,721610
2017-12-26,113.77,115.54,113.61,115.22,977150
2017-12-27,115.22,115.3,114.41,114.81,873650
2017-12-28,114.81,117.07,114.65,116.83,1203930
2017-12-29,116.83,118.68,116.83,118.28,1174600
2018-01-02,118.2,120.37,118.2,118.84,980460
2018-01-03,118.92,119.73,117.96,119.49,1513290
2018-01-04,119.25,120.21,118.68,119.97,920310
2018-01-05,120.05,120.29,119.08,119.97,873240
2018-01-08,119.97,120.13,119.0,119.65,736320
2018-01-09,119.73,119.89,116.83,118.84,1143400
2018-01-10,118.84,119.17,117.8,118.12,714190
2018-01-11,118.52,124.0,118.44,124.0,1699720
2018-01-12,123.76,125.29,122.71,125.29,1191440
2018-01-15,125.29,129.72,124.08,129.64,1292970
2018-01-16,129.64,131.73,129.32,130.12,1099830
2018-01-17,130.28,132.38,127.38,128.91,1155210
2018-01-18,126.58,132.06,126.58,132.06,1298160
2018-01-19,132.3,141.24,132.22,141.24,1812660
2018-01-22,143.27,151.13,142.86,151.13,570120
2018-01-23,151.13,151.13,151.13,151.13,0
2018-01-24,151.13,151.13,151.13,151.13,0
2018-01-25,161.66,161.66,161.66,161.66,530560
2018-01-26,172.93,172.93,150.48,153.96,2152820
2018-01-29,153.15,160.45,149.91,153.56,1897530
2018-01-30,153.56,158.01,148.37,158.01,1871290
2018-01-31,158.01,158.42,155.42,156.39,990200
2018-02-01,153.96,156.8,153.96,155.58,971750
2018-02-02,154.77,158.42,152.1,157.61,1489490
2018-02-05,153.15,157.2,149.91,149.91,697110
2018-02-06,139.46,139.46,139.46,139.46,1108080
2018-02-07,141.0,149.18,141.0,149.18,1148220
2018-02-08,149.34,153.96,145.86,149.1,437070
2018-02-09,143.43,149.91,139.78,149.91,741110
2018-02-12,150.72,159.55,150.72,159.55,1243970
2018-02-13,159.64,161.99,158.01,161.26,1883320
2018-02-21,161.42,163.61,161.09,161.26,837950
2018-02-22,161.26,161.26,155.66,158.01,655290
2018-02-23,158.01,158.99,156.15,158.01,748690
2018-02-26,158.18,160.45,157.69,158.1,920690
2018-02-27,158.18,165.06,158.18,162.88,1123280
2018-02-28,162.15,162.88,160.12,162.07,500780
2018-03-01,161.26,165.23,160.04,162.47,639280
2018-03-02,161.66,164.25,160.12,163.69,593610
2018-03-05,163.69,172.6,163.69,164.5,1197870
2018-03-06,165.31,170.01,164.5,170.01,686330
2018-03-07,170.01,170.98,166.93,168.14,459640
2018-03-08,168.47,170.98,166.52,169.36,703940
2018-03-09,169.76,172.2,169.36,169.36,692510
2018-03-12,169.36,171.71,169.36,170.09,544480
2018-03-13,170.09,170.58,162.88,166.93,931120
2018-03-14,167.74,168.95,164.5,167.33,1047430
2018-03-15,167.33,168.55,165.39,166.52,594820
2018-03-16,166.77,167.74,165.23,165.31,796950
2018-03-19,166.52,169.28,165.88,168.14,909580
2018-03-20,167.74,168.55,165.31,166.04,840590
2018-03-21,166.12,166.52,164.5,164.5,916790
2018-03-22,165.23,169.85,165.23,169.28,1005970
2018-03-23,164.5,168.87,164.5,168.87,554530
2018-03-26,169.36,176.65,169.36,176.57,1686310
2018-03-27,178.27,180.46,177.87,179.89,785100
2018-03-28,179.89,182.89,178.68,182.32,630320
2018-03-29,182.32,182.97,179.49,179.89,566610
2018-03-30,179.89,182.73,179.81,181.43,721770
2018-04-02,181.68,185.89,181.68,184.84,620070
2018-04-03,184.84,185.49,179.89,182.32,863160
2018-04-04,182.73,183.95,179.08,179.08,935260
2018-04-05,179.08,180.62,175.84,176.65,916470
2018-04-06,177.06,179.08,174.3,176.65,1138030
2018-04-09,178.27,179.33,174.79,176.65,1170690
2018-04-10,176.98,178.27,174.63,175.84,960130
2018-04-11,176.65,176.65,163.61,172.6,1127450
2018-04-12,171.79,173.41,168.55,170.17,737770
2018-04-13,170.98,173.01,170.58,171.63,597990
2018-04-16,171.79,172.76,170.74,171.63,375480
2018-04-17,171.63,173.01,170.17,170.17,484220
2018-04-18,170.98,171.39,168.95,170.01,603200
2018-04-19,170.17,170.98,159.64,159.64,1016210
2018-04-20,159.64,162.31,157.2,158.58,862320
2018-04-23,160.45,166.85,159.64,159.64,831900
2018-04-24,160.12,161.26,148.53,158.01,1019230
2018-04-26,158.83,159.64,147.24,155.58,854670
2018-04-27,153.96,153.96,148.29,151.53,513380
2018-05-02,151.94,152.34,145.54,145.54,944470
2018-05-03,145.54,145.54,137.68,140.19,598900
2018-05-04,146.67,148.21,141.0,143.43,507250
2018-05-07,145.05,148.29,143.02,148.29,727630
2018-05-08,148.7,153.88,148.45,152.26,667910
2018-05-09,153.15,162.12,151.2,158.21,584740
2018-05-10,158.86,160.89,153.15,156.49,864480
2018-05-11,155.68,155.68,150.71,154.7,340050
2018-05-14,155.6,157.23,154.38,156.58,567850
2018-05-15,158.04,161.22,157.23,160.49,608830
2018-05-16,160.32,160.4,157.31,158.69,310720
2018-05-17,158.86,158.86,151.28,153.15,576390
2018-05-18,152.34,157.23,142.48,154.78,977940
2018-05-21,156.01,157.23,149.24,149.9,413480
2018-05-22,142.56,149.0,140.53,144.11,592970
2018-05-23,144.11,145.01,140.61,145.01,585560
2018-05-24,145.82,146.56,137.68,139.71,621940
2018-05-25,139.71,139.71,129.94,129.94,813960
2018-05-28,124.64,127.9,120.89,120.89,361800
2018-05-29,112.83,127.9,112.83,123.83,754060
2018-05-30,123.01,123.83,116.74,119.75,439930
2018-05-31,122.2,123.01,119.84,121.22,543160
2018-06-01,123.01,129.69,123.01,129.69,538240
2018-06-04,134.42,138.74,132.79,138.74,374270
2018-06-05,140.93,144.6,138.9,140.93,493730
2018-06-06,138.49,142.24,136.86,142.24,359580
2018-06-07,142.24,147.86,142.24,145.82,718930
2018-06-08,145.9,146.23,144.6,145.82,592360
2018-06-11,145.82,152.34,143.38,149.9,635790
2018-06-12,149.08,149.73,139.96,145.82,622950
2018-06-13,145.82,148.67,145.42,146.39,378700
2018-06-14,142.65,146.23,142.56,142.56,419150
2018-06-15,142.48,143.3,140.12,140.93,451400
2018-06-18,141.75,142.48,131.97,134.42,477110
2018-06-19,134.42,134.42,126.19,130.34,594620
2018-06-20,130.34,138.49,127.9,138.49,808530
2018-06-21,138.49,145.01,134.5,141.02,391470
2018-06-22,141.75,144.19,138.9,142.48,563210
2018-06-25,142.81,143.79,140.2,140.93,349460
2018-06-26,139.31,140.93,137.68,140.85,241050
2018-06-27,140.85,140.85,138.98,138.98,347200
2018-06-28,139.31,139.31,135.23,135.31,475360
2018-06-29,136.87,140.0,136.38,138.63,465340
2018-07-02,138.63,138.82,135.3,135.89,254710
2018-07-03,135.89,136.57,129.05,130.02,339540
2018-07-04,129.05,130.02,125.14,128.07,394580
2018-07-05,128.56,133.15,123.18,126.6,531600
2018-07-06,127.09,130.51,124.16,129.93,502440
2018-07-09,130.02,131.29,125.92,127.58,413180
2018-07-10,127.77,131.49,126.6,130.51,717010
2018-07-11,128.95,128.95,125.14,127.77,402490
2018-07-12,127.87,128.95,125.14,127.48,352960
2018-07-13,128.07,128.56,125.72,128.07,356980
2018-07-16,129.53,130.81,127.77,129.05,421900
2018-07-17,129.05,129.24,127.38,129.14,393240
2018-07-18,130.51,131.49,130.02,131.49,999370
2018-07-19,132.86,140.19,132.47,136.87,1193840
2018-07-20,137.36,139.7,128.07,128.07,714380
2018-07-23,133.93,136.87,132.96,136.87,824950
2018-07-24,137.36,137.75,131.98,134.52,736570
2018-07-25,134.91,135.89,130.71,132.96,613650
2018-07-26,133.93,134.42,130.41,133.84,743270
2018-07-27,134.91,134.91,132.66,134.42,634770
2018-07-30,134.91,141.27,134.52,141.27,1590960
2018-07-31,139.31,142.24,138.82,141.17,878870
2018-08-01,141.17,141.75,138.24,139.8,594010
2018-08-02,139.8,142.73,137.55,142.73,914610
2018-08-03,143.71,145.67,141.95,144.69,1113820
2018-08-06,144.69,145.18,143.22,144.59,419070
2018-08-07,144.39,144.49,142.93,143.61,496310
2018-08-08,143.71,145.47,143.32,144.2,514700
2018-08-09,144.69,147.52,144.69,146.84,819990
2018-08-10,146.84,149.09,145.67,148.99,640740
2018-08-13,148.99,151.82,148.11,150.55,774760
2018-08-14,150.55,151.53,148.01,150.94,804390
2018-08-15,151.04,151.04,144.69,145.67,682950
2018-08-16,145.67,145.67,140.78,145.57,774200
2018-08-17,146.45,148.5,146.25,147.62,518380
2018-08-20,147.62,148.5,145.67,147.62,521820
2018-08-21,147.62,149.09,147.13,148.6,547170
2018-08-22,149.58,150.55,147.52,148.5,597400
2018-08-23,148.5,149.09,147.13,147.62,643710
2018-08-24,147.82,148.99,147.13,148.4,591390
2018-08-27,149.28,149.77,148.6,149.58,1087390
2018-08-28,149.58,152.31,149.48,151.73,1151770
2018-08-29,152.02,152.51,150.75,151.92,607750
2018-08-30,151.53,153.39,150.75,153.39,1074030
2018-08-31,153.58,154.46,152.02,152.51,1061020
2018-09-04,152.51,153.0,141.85,141.85,524240
2018-09-05,146.22,148.7,145.72,148.2,949760
2018-09-06,148.2,149.09,143.74,145.72,562370
2018-09-07,145.72,146.91,145.52,146.22,360100
2018-09-10,146.51,146.91,145.72,146.12,320600
2018-09-11,146.32,149.19,146.32,149.19,525660
2018-09-12,149.29,150.18,147.9,148.7,480160
2018-09-13,148.89,148.89,146.71,146.71,403560
2018-09-14,147.11,148.3,146.91,147.7,346600
2018-09-17,147.8,148.2,144.73,145.72,467680
2018-09-18,144.73,147.9,144.53,147.9,808380
2018-09-19,148.2,148.5,147.21,148.1,386640
2018-09-20,148.4,148.5,147.21,148.3,526160
2018-09-21,148.7,149.19,146.71,148.1,466240
2018-09-24,148.2,151.07,148.1,150.78,1029500
2018-09-25,150.88,151.17,149.39,150.78,1011010
2018-09-26,150.68,150.88,149.69,150.88,1188410
2018-09-27,151.17,152.36,149.59,151.27,1222140
2018-09-28,151.27,152.16,149.49,150.18,1157560
2018-10-01,150.28,150.48,146.22,147.21,1238340
2018-10-02,146.71,146.71,142.75,143.74,1375300
2018-10-03,144.53,144.73,143.14,143.54,697070
2018-10-04,143.74,143.74,141.26,142.35,837900
2018-10-05,142.25,142.25,141.16,141.86,604170
2018-10-08,141.86,142.15,139.38,139.38,658020
2018-10-09,139.77,142.05,139.77,141.76,586610
2018-10-10,141.95,143.74,141.95,143.74,748570
2018-10-11,140.76,142.65,133.83,139.58,591640
2018-10-12,139.58,139.77,137.3,139.77,733920
2018-10-15,139.77,140.76,136.8,137.99,367010
2018-10-16,138.19,138.78,135.61,135.81,817220
2018-10-17,136.7,138.09,136.3,137.99,850710
2018-10-18,137.99,138.48,134.82,135.31,653560
2018-10-19,134.32,134.32,130.85,130.85,924610
2018-10-22,131.84,131.84,126.59,127.88,1371200
2018-10-23,127.38,127.98,125.6,125.9,668320
2018-10-24,126.19,126.89,125.0,125.7,454880
2018-10-25,121.93,125.9,120.05,124.9,615660
2018-10-26,126.39,126.89,123.52,123.71,422490
2018-10-29,123.71,124.11,122.43,123.71,474250
2018-10-30,123.81,125.4,123.42,124.9,530390
2018-10-31,125.9,132.54,125.6,132.54,1064990
2018-11-01,133.33,134.42,132.44,132.64,946500
2018-11-02,132.83,134.42,132.83,134.32,840820
2018-11-05,134.32,134.62,133.23,134.42,604090
2018-11-06,134.82,136.3,132.83,132.83,531390
2018-11-07,132.93,134.72,129.17,130.85,639140
2018-11-08,131.55,132.83,131.35,132.14,622400
2018-11-09,132.44,132.83,129.17,129.76,491980
2018-11-12,129.76,129.76,127.78,128.08,457730
2018-11-13,127.88,128.37,126.39,126.89,341190
2018-11-14,127.08,128.77,126.39,126.39,442760
2018-11-15,126.49,128.37,125.7,126.59,532230
2018-11-16,127.28,128.37,125.6,126.79,488140
2018-11-19,127.08,127.88,126.79,127.28,501830
2018-11-20,127.38,129.27,127.28,127.88,528220
2018-11-21,127.88,127.88,126.39,126.89,391290
2018-11-22,126.89,127.48,126.69,126.99,589220
2018-11-23,127.38,127.38,125.8,125.9,334130
2018-11-26,126.09,126.39,125.7,125.9,373680
2018-11-27,126.69,126.89,125.5,125.6,392350
2018-11-28,125.9,128.67,125.7,128.37,888250
2018-11-29,129.86,132.64,129.76,131.35,1147260
2018-11-30,130.36,130.85,128.77,129.86,602920
2018-12-03,130.65,131.35,129.96,130.85,618450
2018-12-04,130.85,132.34,130.55,131.74,517240
2018-12-05,131.25,131.25,130.26,130.26,554870
2018-12-06,129.86,131.84,129.86,130.75,530060
2018-12-07,131.05,132.74,130.75,131.25,588100
2018-12-10,131.25,131.25,128.77,128.77,595660
2018-12-11,128.77,129.86,127.38,127.68,558320
2018-12-12,127.98,129.56,127.78,129.07,560950
2018-12-13,129.36,130.16,128.08,128.37,479680
2018-12-14,128.18,128.77,126.89,126.89,402510
2018-12-17,126.99,127.38,124.41,125.4,462490
2018-12-18,123.91,124.8,122.13,123.81,612150
2018-12-19,123.81,124.51,123.71,123.91,440150
2018-12-20,123.91,124.11,122.92,123.12,403570
2018-12-21,123.12,123.91,121.83,123.12,388100
2018-12-24,123.12,123.52,122.92,123.22,237590
2018-12-25,121.93,121.93,119.95,120.84,372990
2018-12-26,120.94,121.93,118.96,120.94,304700
2018-12-27,121.93,122.33,118.76,118.96,627250
2018-12-28,117.96,120.44,117.27,118.96,594960
2019-01-02,118.96,120.24,114.99,115.98,509920
2019-01-03,115.98,116.48,114.0,115.19,579590
2019-01-04,114.0,115.29,112.31,114.0,882080
2019-01-07,115.29,115.39,112.12,114.99,637590
2019-01-08,115.29,115.29,113.5,114.0,226650
2019-01-09,114.0,114.99,113.6,114.0,554850
2019-01-10,114.5,114.5,113.8,114.0,381340
2019-01-11,114.0,117.37,114.0,115.98,799230
2019-01-14,116.38,117.87,115.78,116.48,487330
2019-01-15,116.58,116.87,115.29,116.18,514390
2019-01-16,115.98,116.28,114.0,114.99,638280
2019-01-17,114.99,114.99,113.5,114.5,614570
2019-01-18,114.69,114.79,113.31,114.2,489080
2019-01-21,113.5,114.59,113.5,114.2,294150
2019-01-22,114.5,114.79,113.8,114.0,351870
2019-01-23,114.0,114.79,113.9,114.5,398030
2019-01-24,114.99,117.37,114.99,116.97,721190
2019-01-25,117.37,121.43,117.37,121.43,778640
2019-01-28,121.73,122.52,120.44,121.43,305350
2019-01-29,121.43,121.83,119.65,120.64,280160
2019-01-30,120.64,122.72,120.64,122.13,646990
2019-01-31,122.13,122.62,121.14,122.43,455960
2019-02-01,122.43,123.91,122.33,123.91,797560
2019-02-11,124.31,125.0,123.91,124.8,359160
2019-02-12,124.9,125.5,123.81,124.8,721400
2019-02-13,124.11,124.51,123.12,123.42,643080
2019-02-14,123.52,123.52,121.93,122.33,473820
2019-02-15,122.33,122.33,119.55,120.24,553820
2019-02-18,120.24,120.44,118.86,119.45,713710
2019-02-19,119.55,121.83,119.45,119.75,902500
2019-02-20,119.75,119.75,117.96,118.76,537530
2019-02-21,118.56,118.66,116.48,117.96,1065070
2019-02-22,117.96,122.03,117.96,120.44,1145220
2019-02-25,121.43,123.42,121.43,123.42,1125900
2019-02-26,123.91,123.91,122.03,122.52,932940
2019-02-27,122.52,122.52,120.94,121.63,1333370
2019-02-28,121.93,122.03,117.96,117.96,1629860
2019-03-01,118.06,118.96,115.98,118.96,1125320
2019-03-04,119.45,120.15,118.66,119.85,990660
2019-03-05,119.55,119.65,118.46,118.96,1074790
2019-03-06,118.96,119.95,118.96,119.95,939310
2019-03-07,119.95,120.54,119.85,120.34,1014890
2019-03-08,119.45,119.95,118.46,119.65,1002300
2019-03-11,119.45,120.54,118.96,120.24,794310
2019-03-12,120.34,120.64,118.86,119.45,1048390
2019-03-13,119.15,119.65,117.47,118.76,1223310
2019-03-14,118.76,118.76,116.78,117.27,1086210
2019-03-15,117.27,118.06,117.27,117.96,598760
2019-03-18,117.96,118.76,117.77,118.76,660300
2019-03-19,118.86,119.06,117.96,118.76,809590
2019-03-20,118.76,118.76,117.07,118.76,592830
2019-03-21,118.76,118.86,117.17,117.47,660960
2019-03-22,117.57,118.06,116.78,117.87,481800
2019-03-25,116.97,117.37,115.88,116.97,815680
2019-03-26,117.37,118.06,116.78,116.97,459670
2019-03-27,116.97,117.47,116.48,117.27,459010
2019-03-28,116.97,117.17,115.49,116.18,620430
2019-03-29,116.38,116.58,114.89,115.49,944370
2019-04-01,115.39,115.78,113.11,113.7,959500
2019-04-02,113.5,114.99,113.5,113.7,504360
2019-04-03,113.7,113.9,111.62,112.91,761320
2019-04-04,113.01,113.7,111.82,112.22,451040
2019-04-05,112.22,112.71,111.42,111.82,522350
2019-04-08,111.82,112.22,109.44,109.54,621740
2019-04-09,109.54,113.01,106.37,111.52,1595160
2019-04-10,112.22,112.22,110.03,111.92,1003980
2019-04-11,112.51,114.0,112.02,112.91,1106190
2019-04-12,112.12,113.01,111.52,112.22,876490
2019-04-16,111.42,112.31,110.73,112.31,619310
2019-04-17,112.41,112.51,111.32,112.51,565610
2019-04-18,112.51,114.99,112.31,113.01,995140
2019-04-19,114.0,114.69,113.6,113.9,568360
2019-04-22,114.0,114.59,113.7,113.9,448080
2019-04-23,114.1,114.6,113.4,114.4,431630
2019-04-24,114.4,114.5,113.4,114.5,401640
2019-04-25,114.5,115.6,113.9,115.2,670050
2019-04-26,114.5,115.9,114.2,115.9,575360
2019-05-02,116.5,118.5,116.0,118.5,1077940
2019-05-03,118.3,118.6,117.8,118.5,868540
2019-05-06,117.5,117.7,116.4,117.3,846420
2019-05-07,117.5,117.9,116.0,117.0,468670
2019-05-08,116.0,116.5,114.7,115.5,704440
2019-05-09,115.5,115.9,114.6,115.5,545570
2019-05-10,115.5,115.9,114.0,115.4,560410
2019-05-13,115.3,116.0,115.0,116.0,616000
2019-05-14,116.0,116.8,115.7,116.8,653650
2019-05-15,117.0,118.2,117.0,118.0,820490
2019-05-16,118.0,118.8,117.8,118.0,744920
2019-05-17,118.0,118.0,117.0,117.9,631990
2019-05-20,117.9,118.9,117.6,118.3,900890
2019-05-21,118.4,118.9,118.4,118.8,613310
2019-05-22,119.0,120.1,118.5,119.5,707930
2019-05-23,119.5,119.7,118.6,119.4,639060
2019-05-24,118.8,120.4,118.5,119.9,898900
2019-05-27,120.5,121.0,119.9,120.5,423350
2019-05-28,120.5,125.0,120.4,125.0,1298700
2019-05-29,124.5,124.5,122.8,123.5,443520
2019-05-30,123.0,124.2,122.0,124.2,413490
2019-05-31,124.0,125.0,123.6,124.5,714840
2019-06-03,124.0,124.0,121.9,122.0,631510
2019-06-04,122.0,122.6,120.0,121.3,558310
2019-06-05,121.8,121.9,120.8,121.4,530380
2019-06-06,121.3,121.4,119.4,121.4,584270
2019-06-07,121.5,122.2,121.5,122.2,534680
2019-06-10,122.6,124.8,122.5,124.0,644970
2019-06-11,123.6,124.2,122.8,124.0,480010
2019-06-12,124.0,124.1,122.5,123.5,444310
2019-06-13,123.4,123.4,121.1,121.6,455860
2019-06-14,121.1,123.0,121.1,121.7,484660
2019-06-17,119.5,120.4,119.0,119.9,568680
2019-06-18,119.9,120.4,118.0,118.0,358970
2019-06-19,118.3,119.8,118.3,119.5,474540
2019-06-20,119.6,123.5,119.5,123.3,738760
2019-06-21,123.2,123.5,122.4,123.2,559790
2019-06-24,123.2,123.8,123.2,123.5,628250
2019-06-25,123.1,124.5,123.0,123.9,655640
2019-06-26,123.8,124.5,123.8,124.2,690590
2019-06-27,124.2,124.6,124.0,124.5,663660
2019-06-28,124.2,128.0,124.2,128.0,977470
2019-07-01,126.0,127.8,126.0,127.0,780500
2019-07-02,127.1,128.7,126.9,128.5,609150
2019-07-03,128.5,128.6,127.3,128.5,491480
2019-07-04,128.5,129.9,128.1,129.5,559370
2019-07-05,129.5,129.8,129.0,129.5,420080
2019-07-08,129.1,129.1,127.7,128.5,606760
2019-07-09,128.5,128.9,127.7,128.9,629690
2019-07-10,129.7,131.5,129.6,131.5,803320
2019-07-11,131.5,131.5,130.4,131.3,599200
2019-07-12,131.4,131.6,130.2,130.2,604680
2019-07-15,130.0,130.4,129.1,129.5,592580
2019-07-16,129.6,131.0,129.5,131.0,817510
2019-07-17,131.1,131.1,129.5,130.0,597950
2019-07-18,130.1,131.0,128.5,128.5,612200
2019-07-19,129.5,130.3,128.9,130.2,590430
2019-07-22,131.0,135.0,131.0,132.0,511730
2019-07-23,131.2,132.1,131.2,131.9,426150
2019-07-24,131.9,134.0,131.9,132.8,679130
2019-07-25,133.3,133.8,132.7,133.0,771590
2019-07-26,132.5,133.1,132.5,133.0,717200
2019-07-29,133.2,133.7,133.0,133.4,585650
2019-07-30,133.5,133.8,133.4,133.4,492810
2019-07-31,133.4,133.9,132.0,133.4,849980
2019-08-01,132.5,133.4,131.2,133.0,888880
2019-08-02,132.0,132.4,131.5,132.4,752100
2019-08-05,131.5,131.5,130.4,130.7,799780
2019-08-06,129.8,130.1,128.5,130.1,893350
2019-08-07,130.3,131.1,130.3,130.9,533510
2019-08-08,131.1,131.5,130.1,131.1,671470
2019-08-09,131.2,131.7,130.9,131.7,819860
2019-08-12,132.0,134.5,131.9,134.5,801570
2019-08-13,133.8,134.2,132.0,132.5,526150
2019-08-14,132.7,134.0,131.5,131.6,1004290
2019-08-15,130.2,131.4,129.0,130.3,529870
2019-08-16,130.0,130.6,130.0,130.5,636040
2019-08-19,130.5,131.3,130.0,130.5,720980
2019-08-20,130.5,130.5,129.5,130.0,979530
2019-08-21,130.2,130.9,129.6,130.9,853770
2019-08-22,130.9,132.2,130.7,132.2,1047830
2019-08-23,132.3,134.0,132.2,134.0,1709500
2019-08-26,133.8,133.8,131.5,132.0,398470
2019-08-27,132.0,132.6,131.6,132.6,485470
2019-08-28,132.0,132.8,131.6,132.4,390240
2019-08-29,132.4,132.4,131.7,132.0,379870
2019-08-30,131.6,132.0,131.4,132.0,386150
2019-09-03,132.0,132.4,128.6,132.0,674010
2019-09-04,131.5,131.9,130.3,130.4,317510
2019-09-05,130.4,130.7,129.9,130.4,557030
2019-09-06,130.4,130.5,129.0,130.4,350770
2019-09-09,130.6,133.0,130.5,132.8,743950
2019-09-10,133.2,133.5,132.6,133.3,300980
2019-09-11,133.3,133.6,132.2,133.6,552470
2019-09-12,133.7,137.0,133.6,137.0,677330
2019-09-13,137.0,138.7,137.0,138.2,581100
2019-09-16,138.2,140.6,138.2,140.5,918890
2019-09-17,140.0,140.5,139.6,140.3,1660130
2019-09-18,140.3,140.3,137.6,139.7,443680
2019-09-19,139.7,139.9,138.2,139.5,513500
2019-09-20,139.0,139.4,138.0,138.0,3731860
2019-09-23,138.0,138.0,137.4,137.6,319890
2019-09-24,137.5,138.0,137.5,137.6,447380
2019-09-25,137.5,137.7,135.0,136.0,414030
2019-09-26,135.3,136.3,135.3,136.0,325980
2019-09-27,136.1,136.7,135.5,136.6,437980
2019-09-30,136.0,137.8,136.0,137.7,488290
2019-10-01,137.8,137.8,136.8,137.5,340010
2019-10-02,137.5,137.8,137.0,137.6,401000
2019-10-03,137.4,137.4,136.8,137.3,336620
2019-10-04,137.4,138.7,137.1,137.6,710480
2019-10-07,137.6,137.6,136.4,137.4,429440
2019-10-08,137.3,137.8,137.1,137.4,498720
2019-10-09,137.2,137.7,136.8,137.4,528830
2019-10-10,137.5,137.5,136.8,137.5,509370
2019-10-11,137.5,139.5,137.4,139.4,649930
2019-10-14,139.4,140.2,139.4,139.4,489110
2019-10-15,139.4,140.2,139.4,139.6,481300
2019-10-16,139.5,139.7,138.6,139.0,329060
2019-10-17,139.3,139.7,138.4,138.5,458890
2019-10-18,138.5,139.3,138.2,139.1,400630
2019-10-21,139.1,141.3,139.0,140.0,489400
2019-10-22,140.3,143.9,140.3,143.9,451730
2019-10-23,143.9,144.4,143.0,144.0,435740
2019-10-24,143.9,144.9,143.0,144.9,468850
2019-10-25,144.0,146.5,144.0,145.9,458050
2019-10-28,145.9,147.1,145.0,145.0,311800
2019-10-29,144.2,145.4,143.5,143.5,394270
2019-10-30,144.0,145.3,144.0,144.8,707320
2019-10-31,145.0,145.2,144.2,145.0,657640
2019-11-01,145.1,145.5,145.0,145.5,441910
2019-11-04,145.3,145.3,144.3,145.3,374520
2019-11-05,145.3,145.9,145.3,145.7,507500
2019-11-06,145.0,145.5,143.0,143.5,476860
2019-11-07,143.5,143.6,142.4,143.2,400270
2019-11-08,143.2,143.3,143.0,143.2,389400
2019-11-11,143.3,143.5,142.5,142.8,428170
2019-11-12,142.8,143.5,142.6,143.5,394890
2019-11-13,143.6,144.0,143.2,143.5,433120
2019-11-14,143.5,143.8,143.1,143.4,419880
2019-11-15,143.5,143.7,142.9,143.3,495170
2019-11-18,143.3,143.7,142.9,143.5,509230
2019-11-19,143.5,144.0,143.4,144.0,583570
2019-11-20,144.3,145.2,144.2,144.9,581440
2019-11-21,144.5,144.9,143.4,143.4,602750
2019-11-22,143.4,143.6,142.5,143.0,431230
2019-11-25,142.0,143.0,141.6,143.0,393890
2019-11-26,143.0,143.5,143.0,143.3,445370
2019-11-27,143.5,143.8,143.2,143.7,321040
2019-11-28,143.8,144.7,143.8,144.6,501020
2019-11-29,144.6,145.1,144.6,144.9,336450
2019-12-02,145.1,146.2,144.9,146.1,561090
2019-12-03,145.8,145.8,145.0,145.4,492220
2019-12-04,145.4,145.7,145.0,145.5,395960
2019-12-05,145.6,145.9,145.4,145.4,413470
2019-12-06,145.3,145.3,144.1,144.4,385820
2019-12-09,144.3,144.5,143.2,144.5,351930
2019-12-10,144.5,144.5,143.3,143.8,400540
2019-12-11,143.7,144.1,143.4,143.9,405490
2019-12-12,144.0,145.2,143.9,145.2,423230
2019-12-13,145.2,145.4,144.5,144.5,349180
2019-12-16,144.5,144.5,142.8,143.0,409810
2019-12-17,142.9,143.0,142.3,142.6,309620
2019-12-18,142.6,142.7,142.2,142.7,389080
2019-12-19,142.8,143.0,142.3,142.6,452360
2019-12-20,142.6,142.7,142.1,142.5,800200
2019-12-23,142.5,143.8,142.5,142.9,407670
2019-12-24,142.9,143.5,142.8,143.5,358610
2019-12-25,143.4,143.8,143.2,143.8,354830
2019-12-26,143.8,144.0,143.5,143.7,371430
2019-12-27,143.5,143.7,143.4,143.6,360120
2019-12-30,143.6,144.4,143.5,144.4,415840
2019-12-31,144.6,146.3,144.4,146.2,482790
2020-01-02,146.3,148.0,146.3,148.0,419710
2020-01-03,148.0,148.8,147.5,148.0,350790
2020-01-06,147.8,147.8,145.6,146.0,334350
2020-01-07,145.8,146.0,145.5,145.9,360760
2020-01-08,145.7,145.8,144.0,144.8,417200
2020-01-09,144.8,146.2,144.7,146.2,451440
2020-01-10,146.2,146.3,145.3,146.2,483900
2020-01-13,146.2,146.5,145.9,146.5,466570
2020-01-14,146.5,146.5,145.8,146.0,486130
2020-01-15,145.9,146.0,145.3,146.0,422930
2020-01-16,146.0,146.3,145.8,146.0,404540
2020-01-17,146.0,148.4,146.0,148.2,506950
2020-01-20,148.2,148.2,147.0,147.0,341310
2020-01-21,147.0,147.2,146.5,147.0,369200
2020-01-22,147.0,147.0,146.5,146.5,365030
2020-01-30,145.0,145.0,140.0,140.0,565700
2020-01-31,139.7,139.7,130.2,130.2,489090
2020-02-03,121.1,125.5,121.1,125.5,1089690
2020-02-04,125.5,129.8,125.4,129.0,271820
2020-02-05,129.0,129.3,126.8,127.0,477530
2020-02-06,126.8,127.9,126.3,127.5,422850
2020-02-07,127.6,131.9,127.4,131.2,502280
2020-02-10,131.0,131.0,128.8,129.0,269590
2020-02-11,129.0,129.1,128.3,129.0,345280
2020-02-12,129.1,129.2,128.4,129.2,372700
2020-02-13,128.9,129.2,128.4,129.2,362740
2020-02-14,129.2,129.2,128.4,128.6,280880
2020-02-17,128.5,128.9,128.5,128.7,324750
2020-02-18,128.8,128.8,128.4,128.7,347240
2020-02-19,128.7,128.7,128.3,128.4,348800
2020-02-20,128.4,128.7,128.0,128.5,257700
2020-02-21,128.5,128.8,128.4,128.6,371740
2020-02-24,128.4,128.5,127.3,128.0,306570
2020-02-25,127.8,127.8,125.2,127.0,247200
2020-02-26,125.5,125.6,124.8,125.0,388100
2020-02-27,125.0,125.0,122.7,122.8,243980
2020-02-28,122.0,122.7,121.8,121.9,305420
2020-03-02,121.0,121.0,119.4,120.8,339750
2020-03-03,120.5,121.9,120.3,120.8,335300
2020-03-04,120.8,128.7,119.9,121.3,401940
2020-03-05,121.5,123.9,121.4,123.0,413440
2020-03-06,122.9,122.9,119.9,120.5,299570
2020-03-09,119.0,119.0,112.1,113.5,340670
2020-03-10,109.0,114.5,107.8,114.5,346960
2020-03-11,114.5,114.5,106.5,106.5,683340
2020-03-12,105.5,106.0,99.1,101.0,791610
2020-03-13,99.5,101.0,94.0,101.0,488260
2020-03-16,99.3,100.0,96.0,100.0,397240
2020-03-17,98.0,101.7,97.7,101.7,439950
2020-03-18,101.7,102.0,98.0,101.4,383680
2020-03-19,99.2,100.0,95.1,98.0,540170
2020-03-20,98.0,103.0,97.4,103.0,467800
2020-03-23,100.0,100.0,95.8,95.8,400260
2020-03-24,94.8,98.0,94.6,96.5,331440
2020-03-25,98.0,99.5,96.6,97.1,310640
2020-03-26,97.1,97.1,94.6,97.0,208360
2020-03-27,96.5,96.9,94.2,96.9,222210
2020-03-30,94.0,96.5,93.2,96.5,131550
2020-03-31,96.5,98.9,96.0,97.2,153980
2020-04-01,97.2,99.2,97.0,99.2,250950
2020-04-03,99.2,101.4,99.0,99.9,377340
2020-04-06,99.9,100.2,99.0,99.9,466290
2020-04-07,100.0,100.0,97.2,99.0,264000
2020-04-08,98.5,99.0,97.5,99.0,272420
2020-04-09,99.0,103.0,98.6,102.0,359760
2020-04-10,102.0,109.1,102.0,109.1,268880
2020-04-13,113.0,116.7,112.0,115.7,241950
2020-04-14,114.5,114.5,109.5,112.8,300930
2020-04-15,111.8,112.2,106.0,110.8,244450
2020-04-16,111.0,116.0,110.6,116.0,304040
2020-04-17,116.0,118.0,116.0,117.4,391890
2020-04-20,117.6,117.6,116.5,117.2,380240
2020-04-21,116.5,116.5,113.0,115.0,270040
2020-04-22,114.7,115.5,113.8,115.1,422410
2020-04-23,115.5,117.3,115.5,116.4,417880
2020-04-24,116.5,116.5,114.7,115.2,220300
2020-04-27,115.2,115.2,113.0,113.5,279920
2020-04-28,113.0,113.5,112.2,112.9,211570
2020-04-29,112.9,116.5,112.1,115.5,500000
2020-05-04,115.5,116.0,113.9,114.3,265270
2020-05-05,114.2,114.3,111.2,111.5,257530
2020-05-06,111.8,112.5,111.7,112.1,411930
2020-05-07,112.2,115.2,112.2,115.2,413820
2020-05-08,115.2,123.2,115.1,120.0,922100
2020-05-11,119.3,119.3,117.6,118.6,404180
2020-05-12,118.6,118.6,116.6,117.4,448580
2020-05-13,117.0,117.0,109.2,114.9,709770
2020-05-14,114.8,114.8,112.8,114.0,529830
2020-05-15,114.0,114.5,113.8,114.0,396390
2020-05-18,114.0,114.2,113.1,114.0,403230
2020-05-19,115.0,116.0,114.5,114.9,565860
2020-05-20,114.5,114.5,113.5,113.7,290200
2020-05-21,113.7,115.0,113.6,115.0,452160
2020-05-22,114.8,114.8,113.0,114.0,397860
2020-05-25,114.0,114.0,113.1,113.1,331260
2020-05-26,113.0,113.3,112.4,113.0,464120
2020-05-27,113.0,115.2,113.0,113.0,496870
2020-05-28,113.0,114.2,113.0,113.3,436060
2020-05-29,113.3,113.3,112.9,113.0,449840
2020-06-01,113.0,114.0,112.9,113.3,406510
2020-06-02,113.3,115.5,113.2,114.7,593950
2020-06-03,114.7,114.7,113.7,113.8,311360
2020-06-04,113.9,114.3,113.8,114.3,687650
2020-06-05,114.1,114.3,113.6,114.3,368780
2020-06-08,114.3,115.6,114.3,115.0,688020
2020-06-09,116.8,118.8,116.0,117.8,727700
2020-06-10,117.9,118.4,117.4,117.8,544330
2020-06-11,117.8,117.9,113.5,113.5,697580
2020-06-12,112.0,113.4,109.3,113.4,657920
2020-06-15,112.2,112.2,109.0,109.0,629650
2020-06-16,110.0,110.4,107.1,107.7,612480
2020-06-17,107.7,109.8,107.5,109.8,479940
2020-06-18,109.5,111.3,109.0,111.0,345560
2020-06-19,111.0,111.9,109.5,110.0,418810
2020-06-22,109.0,110.0,108.2,109.0,276620
2020-06-23,108.5,111.0,108.2,109.4,277520
2020-06-24,109.4,109.4,108.0,108.5,267910
2020-06-25,108.0,108.5,107.2,108.5,258530
2020-06-26,108.2,108.7,107.5,108.5,248260
2020-06-29,109.0,109.5,106.5,106.8,328140
2020-06-30,107.9,108.0,106.4,108.0,289590
2020-07-01,108.0,108.5,107.1,108.0,313260
2020-07-02,108.0,108.0,106.9,107.9,244570
2020-07-03,107.5,108.2,107.5,108.0,284360
2020-07-06,108.0,108.2,107.2,107.7,318520
2020-07-07,107.5,109.0,107.5,108.3,350630
2020-07-08,108.1,108.1,107.5,107.6,289450
2020-07-09,107.6,109.5,107.3,108.1,519710
2020-07-10,108.1,110.0,107.7,108.0,401690
2020-07-13,108.0,109.5,107.0,108.0,369240
2020-07-14,108.0,108.4,107.0,108.0,327810
2020-07-15,108.0,108.6,107.8,107.8,210730
2020-07-16,107.8,112.0,107.3,112.0,280190
2020-07-17,109.0,109.0,108.0,109.0,319230
2020-07-20,108.7,108.7,107.3,107.5,218370
2020-07-21,107.4,108.5,107.0,108.4,232510
2020-07-22,108.3,108.3,107.4,107.4,247420
2020-07-23,107.4,108.0,107.2,107.9,252960
2020-07-24,107.5,107.9,102.4,103.8,351710
2020-07-27,98.0,100.0,96.6,97.9,362790
2020-07-28,97.8,97.9,94.9,96.5,334050
2020-07-29,96.0,96.4,94.3,95.1,229700
2020-07-30,95.1,97.0,95.1,96.0,208710
2020-07-31,95.0,95.9,94.5,94.5,266790
2020-08-03,94.5,96.2,94.5,96.0,297320
2020-08-04,96.0,97.5,96.0,97.0,323790
2020-08-05,97.0,100.0,96.1,99.8,413720
2020-08-06,100.0,102.1,100.0,101.0,362410
2020-08-07,101.0,101.2,99.2,100.3,255020
2020-08-10,100.3,101.0,100.0,100.0,339710
2020-08-11,100.0,100.1,99.1,99.5,240830
2020-08-12,99.8,100.5,99.7,100.5,298910
2020-08-13,101.6,101.6,100.6,101.6,421970
2020-08-14,101.6,101.7,100.3,100.6,362250
2020-08-17,100.6,100.6,98.8,100.2,265010
2020-08-18,100.0,100.2,98.9,99.8,267090
2020-08-19,99.8,100.0,99.6,100.0,245440
2020-08-20,99.9,100.0,98.8,99.6,481250
2020-08-21,99.7,99.7,99.1,99.6,270450
2020-08-24,99.7,100.4,99.7,100.0,537630
2020-08-25,100.1,100.4,99.2,99.5,560970
2020-08-26,99.8,100.6,99.6,100.6,460680
2020-08-27,100.5,100.6,99.5,99.6,276490
2020-08-28,99.8,100.8,99.8,100.6,480460
2020-08-31,101.0,103.2,100.7,103.0,489880
2020-09-01,103.7,105.5,103.6,105.5,686820
2020-09-03,106.6,107.9,106.5,107.6,607480
2020-09-04,105.5,107.6,105.5,107.6,663890
2020-09-07,108.0,108.0,105.6,107.0,485630
2020-09-08,107.0,107.0,105.4,106.8,404020
2020-09-09,106.0,106.0,104.4,106.0,527620
2020-09-10,106.0,106.2,105.5,106.0,460670
2020-09-11,106.0,106.0,104.5,105.8,409590
2020-09-14,106.0,107.4,106.0,107.4,551420
2020-09-15,107.5,108.0,106.0,106.9,415560
2020-09-16,106.9,106.9,106.0,106.9,443260
2020-09-17,106.9,106.9,105.9,105.9,566330
2020-09-18,105.3,106.1,105.3,106.0,356340
2020-09-21,106.0,107.0,106.0,106.5,416780
2020-09-22,106.5,106.8,105.9,106.7,641230
2020-09-23,106.7,106.8,106.0,106.5,370730
2020-09-24,106.1,106.4,105.5,105.8,353690
2020-09-25,105.8,106.2,105.3,105.6,314150
2020-09-28,105.7,105.8,105.0,105.5,331270
2020-09-29,105.4,105.4,104.0,104.0,374370
2020-09-30,103.8,105.3,103.8,104.6,413700
2020-10-01,104.7,105.5,104.6,105.5,445300
2020-10-02,105.5,105.6,104.3,104.9,384660
2020-10-05,105.0,105.4,104.8,104.8,306570
2020-10-06,104.8,104.9,103.9,104.5,408750
2020-10-07,104.3,104.3,103.0,104.0,356210
2020-10-08,104.0,104.0,103.3,104.0,405290
2020-10-09,104.0,104.8,104.0,104.4,380200
2020-10-12,104.4,105.0,104.2,105.0,496670
2020-10-13,105.3,105.5,104.7,105.0,338730
2020-10-14,105.0,105.0,104.0,104.6,297820
2020-10-15,104.5,106.0,103.5,106.0,500370
2020-10-16,105.8,105.9,104.6,105.0,417480
2020-10-19,105.0,105.0,104.0,104.5,334870
2020-10-20,104.5,104.5,103.5,104.5,439430
2020-10-21,104.4,104.6,103.8,103.9,467800
2020-10-22,103.8,105.0,103.4,105.0,506260
2020-10-23,105.0,105.3,104.0,105.3,677260
2020-10-26,105.3,105.4,104.5,104.5,607970
2020-10-27,104.5,105.1,104.0,104.5,618430
2020-10-28,104.5,105.1,102.5,104.0,729460
2020-10-29,104.0,104.0,100.1,102.3,588780
2020-10-30,102.1,102.1,99.4,101.2,519620
2020-11-02,101.0,104.9,100.5,104.9,507940
2020-11-03,104.9,105.6,103.0,105.5,582490
2020-11-04,105.5,105.7,105.3,105.5,566300
2020-11-05,105.5,105.8,105.4,105.7,542890
2020-11-06,105.7,105.8,104.8,105.7,560540
2020-11-09,105.7,106.0,105.5,106.0,485200
2020-11-10,113.4,113.4,113.4,113.4,694840
2020-11-11,114.0,114.5,112.9,113.8,690230
2020-11-12,113.5,113.9,112.4,112.7,440800
2020-11-13,112.2,112.7,110.5,112.7,491700
2020-11-16,112.8,113.9,107.9,111.2,673890
2020-11-17,111.5,113.0,110.1,113.0,633100
2020-11-18,113.2,113.7,112.1,113.5,761020
2020-11-19,113.3,113.7,111.8,113.7,666610
2020-11-20,113.0,120.5,113.0,118.9,829730
2020-11-23,118.9,119.0,117.9,118.9,447160
2020-11-24,118.9,118.9,117.0,118.0,403970
2020-11-25,118.2,120.2,118.0,119.0,617760
2020-11-26,119.0,120.1,118.0,120.1,599050
2020-11-27,120.2,120.2,118.8,119.0,406570
2020-11-30,118.7,118.9,117.4,117.5,636680
2020-12-01,116.0,118.1,115.0,118.0,558190
2020-12-02,117.8,119.5,117.5,119.5,612480
2020-12-03,119.7,119.7,118.2,118.8,448840
2020-12-04,118.2,119.0,117.9,118.5,496960
2020-12-07,118.4,118.4,117.4,118.0,483840
2020-12-08,117.9,118.7,117.6,118.5,522530
2020-12-09,118.5,120.0,118.3,120.0,683020
2020-12-10,120.3,120.7,119.0,119.8,655870
2020-12-11,119.8,122.2,119.7,122.2,721710
2020-12-14,122.8,127.0,122.7,127.0,722460
2020-12-15,127.0,129.0,125.0,125.0,948860
2020-12-16,125.0,128.1,124.8,128.1,530890
2020-12-17,127.0,127.5,124.5,124.6,590300
2020-12-18,124.4,126.5,124.4,125.0,832310
2020-12-21,125.2,125.8,124.8,125.8,652430
2020-12-22,125.5,125.6,123.4,123.6,517670
2020-12-23,123.6,123.6,122.1,122.6,529610
2020-12-24,122.8,123.7,121.9,123.0,523500
2020-12-25,123.0,126.0,122.8,125.9,874910
2020-12-28,125.9,126.0,124.4,124.9,611380
2020-12-29,124.6,126.0,124.2,125.6,637610
2020-12-30,125.6,125.7,124.5,124.5,564770
2020-12-31,124.5,125.9,124.0,125.0,628120
2021-01-04,125.2,126.0,124.0,125.8,792100
2021-01-05,125.8,126.2,124.6,124.8,653500
2021-01-06,124.9,125.0,122.7,123.7,635000
2021-01-07,123.7,125.4,123.5,124.6,616000
2021-01-08,125.1,126.7,125.1,126.5,739800
2021-01-11,126.5,132.0,126.5,131.3,786900
2021-01-12,131.4,131.6,130.7,131.5,633500
2021-01-13,131.7,132.0,131.1,131.3,623100
2021-01-14,130.8,131.4,129.5,130.7,749700
2021-01-15,131.2,131.8,130.0,131.8,752000
2021-01-18,131.9,132.3,131.2,132.0,850100
2021-01-19,132.0,132.2,127.9,127.9,700700
2021-01-20,128.4,130.0,126.0,130.0,634500
2021-01-21,130.0,131.5,128.8,131.0,755200
2021-01-22,131.6,134.0,131.0,133.8,878700
2021-01-25,133.6,133.9,133.3,133.6,824300
2021-01-26,133.6,133.6,129.5,131.0,469900
2021-01-27,130.7,131.0,128.5,130.8,683300
2021-01-28,127.3,127.5,121.7,121.7,437200
2021-01-29,119.0,130.0,118.0,125.8,682500
2021-02-01,125.8,126.5,122.3,125.5,593900
2021-02-02,125.3,129.8,125.1,129.7,606400
2021-02-03,129.8,131.5,129.0,131.0,600400
2021-02-04,131.0,131.1,129.0,130.6,604900
2021-02-05,130.8,131.1,130.5,131.1,496400
2021-02-08,130.5,130.6,122.0,124.6,1310700
2021-02-09,125.3,129.0,124.2,129.0,660800
2021-02-17,129.5,131.0,129.1,131.0,618600
2021-02-18,130.9,131.8,129.0,131.8,608400
2021-02-19,131.5,131.9,129.8,131.8,536500
2021-02-22,131.9,131.9,130.0,131.6,577000
2021-02-23,131.3,134.5,129.3,134.0,1228400
2021-02-24,134.0,135.0,131.5,131.9,545400
2021-02-25,132.0,135.0,131.2,135.0,839300
2021-02-26,134.5,136.0,133.5,135.1,772100
2021-03-01,135.3,136.9,135.0,136.2,663800
2021-03-02,136.7,138.5,135.1,137.7,802800
2021-03-03,137.4,137.8,135.5,137.2,704400
2021-03-04,136.5,137.7,135.3,136.8,353700
2021-03-05,136.4,137.0,135.0,136.8,490100
2021-03-08,137.2,137.3,134.2,136.0,493900
2021-03-09,135.6,135.6,133.0,134.9,476800
2021-03-10,134.9,135.5,133.6,135.5,767100
2021-03-11,135.8,136.5,135.2,136.1,633000
2021-03-12,135.5,136.3,134.0,135.0,528900
2021-03-15,135.0,135.4,133.5,135.0,495700
2021-03-16,135.0,135.1,133.0,134.6,477000
2021-03-17,134.2,134.3,131.2,133.5,564100
2021-03-18,133.5,134.9,133.0,134.9,499900
2021-03-19,134.6,134.6,130.5,130.5,934300
2021-03-22,131.6,133.0,131.5,132.7,507300
2021-03-23,132.0,132.6,130.1,131.0,356300
2021-03-24,130.0,131.1,127.5,128.0,415100
2021-03-25,128.0,130.9,127.8,128.1,508100
2021-03-26,128.3,130.5,128.2,130.5,403500
2021-03-29,130.5,131.6,130.5,131.6,640100
2021-03-30,131.6,131.7,130.0,131.6,509900
2021-03-31,131.5,131.6,129.7,129.7,456300
2021-04-01,130.0,132.9,129.7,132.5,536300
2021-04-02,133.8,134.3,132.3,132.3,530900
2021-04-05,136.0,136.0,132.2,132.3,440800
2021-04-06,132.5,133.8,132.2,133.0,427200
2021-04-07,133.0,134.0,132.1,133.0,381100
2021-04-08,133.5,134.0,132.6,133.0,418400
2021-04-09,133.5,133.5,131.4,131.8,417900
2021-04-12,132.1,132.1,130.9,131.8,621400
2021-04-13,132.4,132.4,131.1,131.9,499500
2021-04-14,132.2,132.3,131.0,132.0,508200
2021-04-15,132.0,132.4,129.0,131.7,640800
2021-04-16,131.7,131.7,128.2,129.0,431200
2021-04-19,129.0,129.6,128.0,129.2,592600
2021-04-20,129.2,132.0,128.8,131.0,729500
2021-04-22,130.5,132.1,130.3,130.4,772400
2021-04-23,130.4,130.8,126.5,129.5,812600
2021-04-26,130.6,130.6,123.5,127.5,562600
2021-04-27,127.5,127.9,126.0,127.2,474700
2021-04-28,127.2,127.2,124.7,126.0,517100
2021-04-29,126.0,126.1,124.1,124.9,520600
2021-05-04,124.9,125.0,123.0,124.0,515300
2021-05-05,124.0,124.8,123.4,124.5,507100
2021-05-06,124.5,124.5,122.0,122.0,426600
2021-05-07,121.0,122.6,118.0,119.5,439500
2021-05-10,119.5,120.0,118.0,119.2,472400
2021-05-11,119.4,119.8,118.8,119.0,527700
2021-05-12,119.0,119.2,118.0,119.0,532100
2021-05-13,119.0,119.3,116.8,117.0,481000
2021-05-14,117.2,118.7,116.7,117.9,659000
2021-05-17,118.0,118.2,114.0,114.0,485200
2021-05-18,114.0,114.8,112.1,113.0,390900
2021-05-19,113.0,113.2,109.6,110.0,362700
2021-05-20,109.4,111.0,108.4,111.0,475700
2021-05-21,110.7,112.7,110.5,112.7,329600
2021-05-24,112.7,113.8,112.3,113.5,523500
2021-05-25,113.5,113.5,112.0,113.3,423000
2021-05-26,113.0,113.4,112.2,113.0,473000
2021-05-27,113.0,113.0,110.0,113.0,438000
2021-05-28,113.0,113.0,110.5,112.0,501900
2021-05-31,111.8,111.8,107.0,110.0,512700
2021-06-01,109.9,109.9,106.0,106.2,283700
2021-06-02,106.2,107.2,106.0,106.6,518700
2021-06-03,106.6,107.2,105.8,106.9,589000
2021-06-04,106.2,107.4,106.2,107.4,634100
2021-06-07,107.5,111.8,107.5,111.8,684500
2021-06-08,112.5,117.5,112.3,117.2,674400
2021-06-09,117.2,117.4,113.3,115.3,642400
2021-06-10,114.6,114.6,111.5,113.8,637800
2021-06-11,113.8,115.5,112.8,115.5,801200
2021-06-14,115.5,115.8,115.0,115.7,642700
2021-06-15,115.7,117.0,115.6,117.0,667600
2021-06-16,115.8,117.3,115.8,116.5,532500
2021-06-17,116.0,116.5,115.0,116.5,588400
2021-06-18,116.1,116.5,115.4,116.0,366100
2021-06-21,116.0,116.0,113.8,114.0,669000
2021-06-22,114.4,115.4,114.0,115.0,528900
2021-06-23,115.1,115.3,114.4,115.1,588000
2021-06-24,115.9,115.9,115.0,115.5,634400
2021-06-25,115.5,116.0,115.0,115.9,470100
2021-06-28,116.0,116.1,114.6,115.5,514200
2021-06-29,115.7,120.0,115.3,120.0,666900
2021-06-30,119.8,121.7,119.8,121.5,595200
2021-07-01,121.5,121.5,119.6,120.7,534300
2021-07-02,121.0,121.1,119.8,120.6,506800
2021-07-05,120.0,121.0,117.8,118.3,480300
2021-07-06,118.2,119.9,117.8,119.3,618400
2021-07-07,119.3,121.8,118.7,121.8,839800
2021-07-08,120.9,121.0,118.3,120.3,494800
2021-07-09,120.2,120.2,117.3,118.9,636700
2021-07-12,118.9,121.5,114.4,120.0,1009700
2021-07-13,120.0,120.0,117.8,119.9,544200
2021-07-14,119.9,120.5,111.6,117.0,1100100
2021-07-15,116.9,116.9,109.2,114.8,1035600
2021-07-16,114.8,115.4,113.5,115.4,667200
2021-07-19,114.7,114.7,111.0,114.0,575900
2021-07-20,113.6,114.5,110.0,114.5,515500
2021-07-21,114.0,114.5,112.3,114.0,514000
2021-07-22,113.9,114.2,112.8,114.0,544600
2021-07-23,113.9,113.9,110.8,113.4,554400
2021-07-26,113.0,114.0,111.5,114.0,618700
2021-07-27,114.0,115.5,113.8,114.9,622500
2021-07-28,114.5,114.5,113.3,114.4,520600
2021-07-29,114.4,114.4,112.3,114.4,499600
2021-07-30,114.5,114.5,112.4,113.0,531100
2021-08-02,113.0,115.9,113.0,115.5,503200
2021-08-03,115.3,116.3,114.4,116.0,573800
2021-08-04,116.0,116.2,115.0,116.2,501500
2021-08-05,116.4,116.5,114.5,116.5,370000
2021-08-06,116.8,117.5,116.0,117.4,474000
2021-08-09,116.8,119.7,116.0,119.5,612100
2021-08-10,119.5,120.0,117.5,118.7,496900
2021-08-11,118.8,118.9,118.0,118.7,514200
2021-08-12,118.7,119.0,116.9,118.7,479400
2021-08-13,118.7,118.7,116.5,118.0,535200
2021-08-16,118.1,118.1,116.3,117.3,479300
2021-08-17,117.4,117.4,116.8,117.3,515600
2021-08-18,117.3,118.2,117.1,118.0,847700
2021-08-19,118.0,120.0,117.7,120.0,1395400
2021-08-20,119.0,120.0,117.5,119.8,1628900
2021-08-23,119.5,120.3,118.2,120.3,1568100
2021-08-24,120.4,122.8,119.8,122.8,1511400
2021-08-25,123.5,127.0,123.0,127.0,1411700
2021-08-26,125.8,126.9,124.3,125.8,1114900
2021-08-27,126.1,126.8,124.8,126.8,1411900
2021-08-30,126.5,127.0,124.0,126.9,1228100
2021-08-31,126.8,126.8,125.0,126.5,1053100
2021-09-01,125.5,126.3,124.6,125.5,864900
2021-09-06,124.7,126.0,124.7,125.7,1004300
2021-09-07,125.5,125.5,123.8,124.6,821500
2021-09-08,124.6,124.6,123.0,124.6,813400
2021-09-09,124.6,129.0,124.0,129.0,1226800
2021-09-10,129.5,130.0,129.2,129.8,921800
2021-09-13,129.8,129.8,128.0,128.0,1019600
2021-09-14,127.4,127.8,125.0,125.8,886300
2021-09-15,125.3,126.4,125.3,126.0,688100
2021-09-16,126.0,126.2,125.1,126.0,713100
2021-09-17,126.0,126.1,124.0,124.9,1237700
2021-09-20,125.0,125.9,123.5,124.2,704400
2021-09-21,124.2,124.2,122.0,123.5,631600
2021-09-22,123.5,123.7,121.5,123.3,701200
2021-09-23,123.3,124.0,122.0,123.7,697200
2021-09-24,123.6,125.2,123.0,125.0,1043200
2021-09-27,125.1,129.7,125.0,129.0,1228000
2021-09-28,128.8,129.3,128.0,129.0,842800
2021-09-29,129.0,129.1,127.0,128.5,855900
2021-09-30,128.0,128.8,126.9,127.9,761000
2021-10-01,127.5,129.0,125.5,128.8,764200
2021-10-04,128.8,132.0,128.5,131.8,1035800
2021-10-05,131.4,131.7,129.2,130.8,813900
2021-10-06,130.8,130.8,128.0,129.4,740600
2021-10-07,129.4,130.0,127.3,128.8,745200
2021-10-08,128.8,129.0,127.1,128.9,724900
2021-10-11,129.7,132.5,129.0,132.5,1098600
2021-10-12,132.5,132.8,131.8,132.5,922800
2021-10-13,132.8,134.1,132.5,133.9,815200
2021-10-14,133.3,134.4,132.5,134.4,817100
2021-10-15,134.4,134.5,130.9,131.7,982000
2021-10-18,131.0,131.6,129.8,131.2,844300
2021-10-19,131.0,135.2,130.0,135.2,1077000
2021-10-20,135.2,136.5,133.3,135.9,938400
2021-10-21,135.9,135.9,131.8,131.8,864500
2021-10-22,131.9,132.8,131.6,131.8,788400
2021-10-25,131.8,133.5,131.3,131.8,898200
2021-10-26,131.8,132.6,130.7,132.5,876300
2021-10-27,132.5,135.0,132.3,134.0,922500
2021-10-28,134.0,134.4,132.8,133.5,887800
2021-10-29,133.0,134.0,132.0,132.0,763800
2021-11-01,131.9,131.9,129.9,130.0,991500
2021-11-02,130.0,132.0,130.0,132.0,919800
2021-11-03,131.8,132.0,128.0,129.8,728500
2021-11-04,129.3,129.8,127.4,129.6,681700
2021-11-05,129.6,130.3,129.2,130.0,869300
2021-11-08,129.8,132.0,129.6,131.8,1047900
2021-11-09,131.9,131.9,129.3,131.0,798700
2021-11-10,131.0,131.0,128.8,129.7,716900
2021-11-11,129.2,129.4,127.3,128.6,823500
2021-11-12,128.2,128.9,127.5,128.6,755200
2021-11-15,128.1,128.6,126.0,127.0,803300
2021-11-16,126.5,127.9,125.5,127.9,798400
2021-11-17,127.5,128.0,127.0,127.9,746000
2021-11-18,127.9,128.0,125.6,126.5,907700
2021-11-19,126.5,127.9,126.2,127.8,958800
2021-11-22,128.2,128.4,126.0,128.0,799300
2021-11-23,127.8,132.1,127.5,132.0,1315200
2021-11-24,132.4,132.4,130.8,132.2,1180200
2021-11-25,132.2,132.8,130.9,132.0,1018500
2021-11-26,131.8,131.8,128.1,129.5,911400
2021-11-29,128.9,128.9,124.5,125.0,873500
2021-11-30,123.0,123.7,121.6,122.5,669000
2021-12-01,121.6,122.0,116.8,120.0,819000
2021-12-02,120.0,120.9,119.7,120.4,814300
2021-12-03,120.4,120.8,118.3,120.4,805100
2021-12-06,119.8,120.5,118.0,120.5,775800
2021-12-07,120.0,123.0,118.5,123.0,921000
2021-12-08,122.8,123.0,120.1,121.4,732800
2021-12-09,120.9,123.5,119.5,123.5,839700
2021-12-10,123.6,125.0,122.5,124.5,677000
2021-12-13,124.5,126.0,124.0,125.8,907500
2021-12-14,126.0,126.0,123.1,124.0,794800
2021-12-15,123.9,124.3,122.9,124.0,779800
2021-12-16,123.1,124.0,121.1,122.8,771600
2021-12-17,122.9,123.6,121.4,122.5,744300
2021-12-20,122.5,122.5,120.0,122.1,708000
2021-12-21,121.9,122.5,121.5,122.5,680800
2021-12-22,122.5,123.0,121.0,122.7,698600
2021-12-23,122.7,123.9,120.7,123.9,690500
2021-12-24,123.9,124.5,122.8,124.0,776800
2021-12-27,124.0,125.0,123.0,125.0,718700
2021-12-28,125.7,125.9,122.7,125.2,770700
2021-12-29,125.2,125.4,123.4,125.2,863100
2021-12-30,124.6,126.0,124.0,126.0,881800
2021-12-31,126.0,128.3,125.8,128.3,894700
2022-01-04,128.3,128.3,126.0,126.0,689600
2022-01-05,125.8,125.9,123.0,123.0,570100
2022-01-06,123.0,124.4,122.7,123.8,627100
2022-01-07,123.8,124.1,121.8,123.8,642900
2022-01-10,123.9,123.9,122.5,123.8,682900
2022-01-11,123.5,123.8,122.0,123.8,681400
2022-01-12,123.0,123.2,120.8,123.2,624600
2022-01-13,123.0,123.0,120.0,122.0,706800
2022-01-14,121.9,122.3,121.0,122.0,585400
2022-01-17,121.5,122.0,120.0,120.5,644300
2022-01-18,120.5,124.5,120.0,124.5,842300
2022-01-19,124.0,126.3,122.0,126.3,1015700
2022-01-20,126.0,126.3,123.6,123.6,901800
2022-01-21,123.6,123.7,121.0,122.0,515100
2022-01-24,121.8,122.0,117.3,120.5,605600
2022-01-25,120.5,121.3,118.5,121.3,576600
2022-01-26,121.3,121.3,119.0,121.1,666100
2022-01-27,121.0,121.8,119.1,121.1,714600
2022-01-28,121.5,122.7,121.1,121.9,574300
2022-02-07,122.8,130.4,122.8,130.4,1056700
2022-02-08,130.7,132.7,130.1,131.5,829100
2022-02-09,130.8,135.0,129.8,135.0,1157100
2022-02-10,134.8,134.8,132.3,133.0,1069200
2022-02-11,132.8,132.9,129.8,132.8,872700
2022-02-14,132.0,140.0,132.0,140.0,1282800
2022-02-15,138.9,140.0,137.0,139.2,908700
2022-02-16,139.5,139.5,137.1,139.2,640900
2022-02-17,139.0,141.6,138.3,141.6,1176900
2022-02-18,140.1,149.0,140.1,149.0,1422400
2022-02-21,147.5,148.6,146.0,146.0,974300
2022-02-22,144.0,144.3,141.2,142.8,799500
2022-02-23,142.4,149.0,142.0,148.2,1153400
2022-02-24,146.9,148.2,143.5,148.0,731400
2022-02-25,148.1,148.1,145.1,145.1,754400
2022-02-28,144.5,144.5,138.6,140.1,794300
2022-03-01,139.0,142.5,139.0,140.9,808300
2022-03-02,140.8,145.0,140.3,145.0,1116200
2022-03-03,145.0,145.0,141.3,143.4,641900
2022-03-04,142.5,142.8,139.4,139.4,691700
2022-03-07,138.6,138.6,134.0,134.2,801900
2022-03-08,134.0,137.0,133.8,137.0,863400
2022-03-09,136.9,141.7,136.5,140.0,958200
2022-03-10,140.0,140.3,139.0,139.0,789300
2022-03-11,138.5,139.8,137.5,138.5,1010700
2022-03-14,138.6,146.3,138.4,145.0,1427400
2022-03-15,145.0,148.0,144.5,148.0,1413500
2022-03-16,147.0,147.0,144.2,147.0,1041100
2022-03-17,146.0,147.0,144.0,145.0,1006900
2022-03-18,144.2,148.2,142.7,148.2,2407800
2022-03-21,146.1,146.1,143.0,143.3,788200
2022-03-22,143.3,143.3,140.0,140.8,744000
2022-03-23,140.8,141.0,139.2,141.0,721600
2022-03-24,141.0,144.0,139.9,144.0,1171100
2022-03-25,144.0,144.0,142.4,143.0,807500
2022-03-28,142.8,142.9,139.5,140.8,738800
2022-03-29,140.8,142.9,140.0,142.9,1040300
2022-03-30,142.0,142.5,139.5,140.5,721200
2022-03-31,140.4,141.3,139.5,140.5,598100
2022-04-01,140.5,141.0,136.5,140.9,665600
2022-04-04,140.9,143.5,139.0,142.9,988900
2022-04-05,142.9,143.5,141.5,141.5,666200
2022-04-06,141.0,141.3,138.9,141.0,609800
2022-04-07,140.5,140.5,137.0,137.0,728900
2022-04-08,137.0,138.8,136.5,138.4,661700
2022-04-12,139.2,140.0,137.5,138.0,770500
2022-04-13,138.1,138.5,137.4,138.1,772300
2022-04-14,137.5,138.6,135.0,136.9,639100
2022-04-15,136.9,137.2,135.4,135.9,600600
2022-04-18,136.0,139.0,135.0,138.3,777600
2022-04-19,138.3,143.1,137.2,143.1,1011500
2022-04-20,142.8,144.3,141.5,142.0,771600
2022-04-21,140.0,142.2,136.5,136.5,732600
2022-04-22,136.6,141.0,136.6,138.2,910800
2022-04-25,138.2,138.5,128.6,131.0,637900
2022-04-26,129.5,132.6,124.5,129.0,681900
2022-04-27,129.0,129.5,125.0,129.0,483300
2022-04-28,128.0,129.3,126.0,129.0,393400
2022-04-29,128.5,130.8,126.5,129.9,547400
2022-05-04,129.5,131.3,129.0,130.3,488600
2022-05-05,130.0,130.8,128.4,130.8,431400
2022-05-06,130.0,130.0,126.8,128.0,369700
2022-05-09,127.0,128.0,122.5,124.0,561000
2022-05-10,123.9,129.1,122.5,129.1,625400
2022-05-11,128.9,129.0,126.1,126.5,532100
2022-05-12,126.5,126.6,121.5,124.8,633600
2022-05-13,124.5,127.4,123.5,125.9,687900
2022-05-16,126.3,127.0,123.0,126.0,619700
2022-05-17,126.0,128.0,123.6,128.0,610300
2022-05-18,127.5,127.5,124.0,125.7,660900
2022-05-19,124.0,125.8,122.2,125.3,757000
2022-05-20,125.4,125.5,123.0,125.3,502300
2022-05-23,125.3,125.5,122.3,125.0,648900
2022-05-24,124.8,125.3,123.0,125.3,608800
2022-05-25,124.5,125.9,123.4,125.7,778900
2022-05-26,125.7,125.7,123.5,125.0,583700
2022-05-27,125.0,127.0,124.1,127.0,858700
2022-05-30,127.3,132.5,127.3,132.5,1157800
2022-05-31,132.6,132.6,129.8,130.9,638700
2022-06-01,130.5,131.5,129.6,131.3,662200
2022-06-02,131.5,131.5,128.0,128.7,822800
2022-06-03,128.5,128.6,125.4,127.0,631300
2022-06-06,125.5,128.1,125.0,127.6,681100
2022-06-07,127.0,127.0,125.5,126.8,607500
2022-06-08,126.5,127.2,125.8,127.0,656500
2022-06-09,126.3,127.8,125.8,127.8,643900
2022-06-10,127.3,128.9,126.0,127.7,683500
2022-06-13,126.5,126.8,123.5,124.9,584500
2022-06-14,124.0,124.8,123.3,124.8,625300
2022-06-15,124.8,125.1,122.9,124.5,691800
2022-06-16,124.3,127.5,123.4,125.4,678700
2022-06-17,125.0,125.1,122.1,124.9,561700
2022-06-20,125.0,127.2,124.7,127.0,759500
2022-06-21,126.0,128.0,125.0,127.8,710600
2022-06-22,127.8,130.0,127.5,129.3,930700
2022-06-23,129.3,129.6,126.3,128.2,682700
2022-06-24,128.3,129.0,126.5,128.3,621000
2022-06-27,129.0,133.0,128.3,133.0,964000
2022-06-28,133.0,133.2,131.5,133.0,629900
2022-06-29,132.9,132.9,131.0,132.3,540900
2022-06-30,131.8,132.4,129.2,130.0,561300
2022-07-01,129.0,130.1,127.3,130.1,517700
2022-07-04,130.0,130.1,129.2,129.6,585200
2022-07-05,129.5,129.5,125.9,125.9,518100
2022-07-06,125.8,127.1,124.5,127.1,632800
2022-07-07,126.8,129.3,126.6,129.3,613000
2022-07-08,129.3,129.3,127.0,127.8,450200
2022-07-11,127.0,127.8,126.0,127.4,509500
2022-07-12,127.4,127.5,125.3,125.5,644400
2022-07-13,125.5,126.1,124.8,124.8,472500
2022-07-14,124.7,127.2,124.0,126.7,529100
2022-07-15,126.8,126.8,124.4,124.7,347400
2022-07-18,124.8,124.8,123.9,124.2,398500
2022-07-19,124.3,124.5,123.0,124.5,365500
2022-07-20,124.5,125.5,124.0,125.5,492100
2022-07-21,125.6,126.9,125.1,126.0,476500
2022-07-22,126.3,126.3,124.5,125.6,492300
2022-07-25,125.3,125.8,124.5,125.8,581500
2022-07-26,125.7,125.9,125.0,125.1,427700
2022-07-27,125.0,125.3,124.6,125.3,439200
2022-07-28,125.8,127.4,125.0,127.4,556700
2022-07-29,127.4,127.4,125.5,125.7,490800
2022-08-01,126.0,127.1,125.7,127.1,438800
2022-08-02,125.8,127.9,125.7,127.5,360700
2022-08-03,126.8,127.5,125.8,127.0,412500
2022-08-04,127.1,129.2,126.1,129.2,741300
2022-08-05,129.2,129.2,126.4,126.5,797800
2022-08-08,126.5,126.9,125.0,125.2,387900
2022-08-09,125.0,126.4,124.8,126.4,664800
2022-08-10,126.0,126.0,125.1,125.4,762000
2022-08-11,126.0,126.0,125.2,125.2,700200
2022-08-12,124.8,125.2,124.0,124.3,660300
2022-08-15,124.3,125.3,124.2,124.4,668200
2022-08-16,124.2,124.3,123.3,123.4,676900
2022-08-17,123.4,124.1,123.3,123.5,769800
2022-08-18,123.9,124.1,123.3,124.0,1042800
2022-08-19,123.9,124.0,123.2,124.0,555000
2022-08-22,123.5,124.0,123.2,123.9,259100
2022-08-23,123.2,123.7,122.6,123.5,613900
2022-08-24,123.0,123.7,123.0,123.5,508000
2022-08-25,123.5,123.5,123.0,123.4,370700
2022-08-26,123.7,123.7,121.8,123.0,662500
2022-08-29,122.8,122.8,119.5,122.0,445400
2022-08-30,122.0,122.5,120.1,122.4,261100
2022-08-31,121.0,121.9,120.5,121.6,526400
2022-09-05,121.5,121.5,119.5,120.0,554600
2022-09-06,120.0,120.0,118.1,119.7,513000
2022-09-07,119.2,119.2,113.9,113.9,940300
2022-09-08,113.9,115.0,113.8,115.0,560100
2022-09-09,115.0,118.1,115.0,118.0,381000
2022-09-12,118.0,118.0,116.3,117.5,395279
2022-09-13,118.0,118.0,117.0,117.4,475000
2022-09-14,115.3,116.5,115.3,116.2,480200
2022-09-15,116.0,116.5,115.0,116.0,678500
2022-09-16,116.0,116.0,115.0,115.7,2146600
2022-09-19,116.1,116.1,114.5,115.0,330500
2022-09-20,114.6,116.1,114.6,116.1,324500
2022-09-21,114.7,116.0,114.2,115.0,353900
2022-09-22,114.1,115.0,112.7,115.0,547600
2022-09-23,114.0,114.4,112.8,112.8,375400
2022-09-26,111.9,111.9,110.1,110.1,504100
2022-09-27,110.2,110.7,110.0,110.5,280600
2022-09-28,110.5,110.5,109.0,110.1,410065
2022-09-29,110.2,111.1,109.9,110.1,245924
2022-09-30,110.0,113.0,109.9,110.9,409966
2022-10-03,110.0,111.0,109.0,110.0,286165
2022-10-04,110.0,112.9,109.9,112.9,350753
2022-10-05,113.9,116.8,113.6,115.0,638016
2022-10-06,114.3,115.0,113.0,114.2,309668
2022-10-07,114.0,115.0,113.6,115.0,824744
2022-10-10,114.7,114.7,110.0,110.0,538741
2022-10-11,111.8,111.8,106.1,107.0,618425
2022-10-12,107.0,108.9,105.1,108.7,418775
2022-10-13,109.9,109.9,105.2,108.7,322014
2022-10-14,108.6,109.0,107.0,109.0,345638
2022-10-17,108.8,109.0,106.5,109.0,238483
2022-10-18,108.0,110.0,107.4,109.1,306822
2022-10-19,109.0,109.4,108.1,109.1,170677
2022-10-20,109.4,110.0,108.3,108.9,221901
2022-10-21,109.0,109.3,106.5,108.9,206866
2022-10-24,108.9,108.9,105.5,107.0,207841
2022-10-25,107.0,108.0,106.0,108.0,179052
2022-10-26,108.0,108.8,106.0,107.5,129507
2022-10-27,107.5,108.4,106.2,108.0,114609
2022-10-28,108.8,108.8,106.0,107.8,136843
2022-10-31,107.5,108.0,105.5,107.6,154870
2022-11-01,107.7,108.0,106.2,106.3,111308
2022-11-02,106.8,106.8,100.1,105.0,289646
2022-11-03,98.0,104.5,98.0,102.7,167358
2022-11-04,100.1,102.6,96.1,100.1,236296
2022-11-07,96.5,102.0,96.5,100.2,230459
2022-11-08,100.9,102.7,99.5,100.4,285158
2022-11-09,100.6,102.0,97.0,100.6,210581
2022-11-10,100.6,101.7,99.4,100.0,218321
2022-11-11,97.6,101.7,97.6,101.3,157162
2022-11-14,101.3,102.0,98.0,101.9,376352
2022-11-15,101.4,102.0,99.8,101.8,324940
2022-11-16,101.7,108.9,100.1,101.9,397084
2022-11-17,102.4,102.6,101.0,102.1,333581
2022-11-18,102.1,102.4,100.7,102.2,317881
2022-11-21,102.2,102.2,98.1,100.6,109612
2022-11-22,98.9,102.3,98.0,98.1,331985
2022-11-23,98.1,101.1,96.7,100.4,113354
2022-11-24,100.3,101.2,99.0,101.2,303410
2022-11-25,101.7,102.0,101.2,102.0,277653
2022-11-28,102.0,102.6,101.1,102.2,220625
2022-11-29,99.3,102.9,99.3,102.8,530490
2022-11-30,103.0,103.1,98.5,103.0,590187
2022-12-01,101.5,103.3,100.1,103.2,745257
2022-12-02,103.0,106.5,102.9,106.5,769070
2022-12-05,106.5,108.3,106.5,106.9,681636
2022-12-06,106.8,107.7,105.5,106.0,682637
2022-12-07,105.0,106.2,103.2,106.0,461747
2022-12-08,105.9,107.7,104.5,107.0,658240
2022-12-09,107.0,114.4,105.3,111.5,491904
2022-12-12,112.5,113.0,109.6,111.4,466002
2022-12-13,111.3,112.0,109.6,112.0,481828
2022-12-14,112.1,112.3,109.0,112.2,417000
2022-12-15,112.1,112.9,110.5,112.9,267894
2022-12-16,111.1,113.0,110.1,113.0,575261
2022-12-19,112.9,112.9,110.0,111.2,322328
2022-12-20,111.0,111.9,109.0,111.3,374905
2022-12-21,111.3,112.8,110.5,111.6,351454
2022-12-22,111.7,112.7,109.1,111.3,222141
2022-12-23,111.3,111.8,107.6,111.5,258889
2022-12-26,111.5,111.5,107.7,108.9,151330
2022-12-27,111.0,112.9,107.4,108.0,249341
2022-12-28,107.8,111.1,106.2,110.5,225836
2022-12-29,110.6,112.2,108.8,109.2,400281
2022-12-30,112.9,112.9,108.5,109.5,132951
2023-01-03,109.5,111.7,109.1,111.7,396115
2023-01-04,112.5,112.5,109.0,110.4,195324
2023-01-05,110.9,111.0,109.8,110.0,388861
2023-01-06,110.1,110.2,107.6,107.8,367679
2023-01-09,109.3,109.3,108.1,109.2,387568
2023-01-10,109.2,109.5,108.0,109.1,407934
2023-01-11,109.0,110.5,108.9,110.1,414738
2023-01-12,110.6,110.6,108.5,109.8,258639
2023-01-13,109.8,110.1,107.7,107.7,236228
2023-01-16,108.1,110.0,107.3,107.3,146057
2023-01-17,109.1,110.6,107.0,110.6,467535
2023-01-18,109.1,112.3,109.1,112.3,467761
2023-01-19,112.0,115.0,112.0,114.5,541272
2023-01-27,114.5,118.0,114.5,116.2,230624
2023-01-30,117.1,117.1,113.0,113.0,337173
2023-01-31,114.4,116.3,112.0,116.3,296157
2023-02-01,116.0,116.0,111.0,113.9,351655
2023-02-02,114.5,114.9,112.0,112.0,315821
2023-02-03,112.1,113.4,109.1,109.1,166464
2023-02-06,108.1,110.5,107.5,109.5,238185
2023-02-07,108.3,109.6,108.0,109.4,137809
2023-02-08,109.3,109.5,108.0,108.0,137465
2023-02-09,107.7,109.0,101.9,101.9,217881
2023-02-10,102.0,104.0,99.4,102.0,151867
2023-02-13,102.0,103.1,101.0,103.1,138195
2023-02-14,103.1,103.1,101.0,102.8,186144
2023-02-15,102.8,103.0,101.1,102.7,183970
2023-02-16,101.0,102.8,101.0,102.8,138149
2023-02-17,102.9,102.9,101.2,102.6,214275
2023-02-20,102.5,102.8,101.7,102.6,229164
2023-02-21,102.7,104.0,102.3,102.5,298902
2023-02-22,102.3,102.4,100.8,100.8,382604
2023-02-23,102.2,102.2,97.9,98.2,590679
2023-02-24,98.3,99.7,96.0,96.2,600767
2023-02-27,94.0,98.9,94.0,98.5,166274
2023-02-28,98.9,100.0,97.0,100.0,317819
2023-03-01,99.0,101.5,97.8,101.5,194513
2023-03-02,100.0,101.6,98.1,101.6,296113
2023-03-03,101.7,101.7,98.0,101.2,270680
2023-03-06,101.1,101.8,96.3,96.3,324759
2023-03-07,99.0,101.2,97.1,97.1,222632
2023-03-08,97.2,99.0,97.2,98.3,122290
2023-03-09,100.4,103.0,100.0,101.8,438463
2023-03-10,102.8,102.8,98.6,100.6,305133
2023-03-13,101.0,102.2,99.1,100.7,299351
2023-03-14,99.8,102.5,99.8,101.7,219952
2023-03-15,102.8,104.9,102.6,104.9,260853
2023-03-16,104.9,105.6,99.6,102.0,320861
2023-03-17,103.9,108.9,102.0,108.9,830818
2023-03-20,105.2,107.8,103.1,105.6,281713
2023-03-21,104.5,112.9,101.6,103.8,418108
2023-03-22,104.0,105.3,102.1,104.8,309653
2023-03-23,104.5,106.0,102.6,105.7,263540
2023-03-24,105.9,106.2,104.6,106.2,283992
2023-03-27,106.3,106.5,103.9,106.5,184740
2023-03-28,105.6,106.7,104.5,106.4,177005
2023-03-29,106.2,106.4,104.0,106.2,180321
2023-03-30,106.1,107.5,104.2,106.3,151330
2023-03-31,106.3,106.6,104.5,105.1,211460
2023-04-03,105.1,106.0,102.6,102.6,298802
2023-04-04,103.0,103.4,102.0,102.0,309900
2023-04-05,102.9,102.9,101.0,102.9,207606
2023-04-06,103.4,103.4,101.5,102.2,205963
2023-04-07,102.3,103.0,101.5,103.0,183768
2023-04-10,102.9,103.0,101.2,102.3,304713
2023-04-11,102.3,102.3,101.0,102.3,275348
2023-04-12,102.0,102.0,99.3,99.7,232714
2023-04-13,99.1,100.0,98.2,99.3,96234
2023-04-14,99.6,100.1,98.1,98.5,97960
2023-04-17,98.7,99.7,98.0,99.6,201713
2023-04-18,99.2,100.1,98.8,99.0,144115
2023-04-19,99.0,100.1,98.6,100.1,142168
2023-04-20,99.1,101.7,99.1,99.5,92748
2023-04-21,99.6,99.8,97.5,97.5,132029
2023-04-24,97.2,97.5,95.9,97.4,225026
2023-04-25,97.4,97.6,95.0,95.9,280612
2023-04-26,95.7,96.9,94.8,95.2,172186
2023-04-27,95.2,95.9,95.0,95.1,89424
2023-04-28,95.9,97.0,95.5,97.0,182154
2023-05-04,98.0,98.0,95.5,95.5,212733
2023-05-05,95.5,96.8,95.5,96.0,42303
2023-05-08,96.2,97.1,95.6,96.3,64071
2023-05-09,96.2,96.3,95.4,95.4,94596
2023-05-10,95.4,96.8,95.4,96.8,257124
2023-05-11,96.7,97.0,95.9,96.7,141034
2023-05-12,96.3,97.2,95.7,97.2,353197
2023-05-15,97.5,97.7,96.4,97.3,808993
2023-05-16,97.5,97.5,97.0,97.5,974053
2023-05-17,97.5,99.1,97.5,98.3,990303
2023-05-18,98.0,99.5,97.8,99.4,1086803
2023-05-19,99.2,100.0,98.2,98.7,945557
2023-05-22,98.8,99.4,97.5,99.2,1154004
2023-05-23,99.2,99.7,98.0,98.7,1204723
2023-05-24,98.7,99.0,97.9,98.4,811241
2023-05-25,98.4,98.7,96.7,98.0,978989
2023-05-26,98.0,99.0,97.4,98.1,868557
2023-05-29,98.1,99.5,98.1,99.5,516487
2023-05-30,99.5,99.8,98.0,98.5,538169
2023-05-31,98.5,99.4,97.5,97.5,587184
2023-06-01,98.1,98.6,97.0,97.5,491690
2023-06-02,98.4,98.9,96.5,96.8,592845
2023-06-05,98.0,99.0,96.4,96.8,604404
2023-06-06,97.1,98.0,96.6,97.7,480712
2023-06-07,97.9,97.9,96.6,96.6,478500
2023-06-08,96.9,97.9,96.1,97.2,763444
2023-06-09,96.6,97.4,96.0,96.0,787019
2023-06-12,96.0,96.7,95.1,96.4,751083
2023-06-13,96.5,96.9,95.8,96.5,1037668
2023-06-14,96.5,97.5,96.2,97.1,1357614
2023-06-15,97.4,97.7,96.8,97.1,875552
2023-06-16,97.3,97.6,95.5,95.5,872662
2023-06-19,96.0,96.4,95.4,95.6,633757
2023-06-20,95.7,96.1,94.8,95.1,775984
2023-06-21,95.4,95.8,93.6,94.0,840966
2023-06-22,94.7,95.0,93.8,94.2,689817
2023-06-23,94.2,94.7,93.5,94.7,551781
2023-06-26,94.7,96.0,94.3,94.8,916193
2023-06-27,94.8,95.6,94.5,95.2,694360
2023-06-28,95.2,95.5,94.7,94.9,688637
2023-06-29,94.9,95.2,93.8,94.1,667786
2023-06-30,93.8,94.6,93.8,94.3,658176
2023-07-03,94.5,95.0,94.1,94.4,1055874
2023-07-04,94.3,94.7,94.1,94.1,771122
2023-07-05,94.6,94.6,93.9,94.3,864055
2023-07-06,94.3,94.4,93.7,94.3,771735
2023-07-07,94.3,94.4,93.8,93.8,768754
2023-07-10,94.2,94.3,92.9,94.2,835040
2023-07-11,94.2,94.3,93.1,94.2,818680
2023-07-12,93.9,94.0,93.4,93.9,843104
2023-07-13,93.9,94.9,93.9,94.9,1482652
2023-07-14,95.1,97.9,95.1,97.9,1713572
2023-07-17,98.0,98.8,97.2,97.3,785492
2023-07-18,96.7,97.4,96.3,96.3,908482
2023-07-19,96.3,97.0,96.2,96.7,791163
2023-07-20,96.8,97.8,96.3,97.8,942537
2023-07-21,97.8,98.0,96.5,98.0,954441
2023-07-24,98.0,98.3,96.7,96.8,915166
2023-07-25,96.9,97.1,95.5,97.1,1084906
2023-07-26,96.5,97.0,96.1,96.5,721041
2023-07-27,96.6,97.1,96.3,96.9,765944
2023-07-28,96.9,97.8,96.2,97.8,846684
2023-07-31,97.6,102.0,97.3,102.0,1043150
2023-08-01,102.0,103.3,100.7,101.2,777480
2023-08-02,101.2,101.4,99.2,100.8,723633
2023-08-03,101.0,102.7,99.8,101.0,831288
2023-08-04,101.0,102.0,99.9,101.0,1195583
2023-08-07,101.2,101.9,100.0,101.9,842270
2023-08-08,102.0,103.4,100.7,103.0,810708
2023-08-09,103.3,103.5,101.5,101.6,649938
2023-08-10,102.0,102.8,100.6,100.7,828598
2023-08-11,100.6,101.3,99.9,101.1,850848
2023-08-14,101.5,101.5,99.6,100.2,1032572
2023-08-15,100.5,101.9,99.5,101.9,823552
2023-08-16,102.0,102.0,100.2,100.8,744431
2023-08-17,100.8,101.3,99.5,100.0,962490
2023-08-18,100.0,100.1,96.0,97.9,1127472
2023-08-21,97.7,98.5,96.0,96.0,1072107
2023-08-22,97.8,98.9,96.0,97.3,957262
2023-08-23,97.3,98.5,96.0,96.5,878648
2023-08-24,96.9,98.2,96.3,97.5,842113
2023-08-25,96.5,97.7,96.4,97.0,908100
2023-08-28,97.5,98.5,96.8,98.0,1039410
2023-08-29,98.0,98.3,96.5,97.5,778824
2023-08-30,97.5,98.0,96.4,96.9,838735
2023-08-31,97.0,98.0,96.1,98.0,714433
2023-09-05,98.1,100.6,97.4,100.5,1413089
2023-09-06,100.6,101.8,99.5,101.7,1019971
2023-09-07,101.1,101.9,100.2,101.0,904501
2023-09-08,100.4,101.8,100.3,101.4,854480
2023-09-11,101.5,101.8,99.0,99.0,1232289
2023-09-12,99.5,101.9,99.2,101.9,1000935
2023-09-13,101.9,101.9,99.0,99.0,980419
2023-09-14,99.0,100.0,97.0,99.0,1018004
2023-09-15,99.5,100.2,98.7,99.7,936714
2023-09-18,99.5,99.6,98.0,98.8,876204
2023-09-19,98.9,99.4,97.8,99.4,928636
2023-09-20,99.4,99.6,98.4,99.4,919872
2023-09-21,99.0,99.5,98.2,99.3,1105857
2023-09-22,98.0,98.5,96.5,97.6,854390
2023-09-25,97.0,98.5,96.1,98.0,1111565
2023-09-26,98.5,99.0,96.9,98.0,1427600
2023-09-27,98.0,99.7,97.8,99.7,1060453
2023-09-28,99.0,99.5,95.9,99.3,2192814
2023-09-29,99.4,99.7,98.5,99.3,2086545
2023-10-02,99.3,99.4,97.2,98.5,1381213
2023-10-03,98.0,98.3,96.0,97.9,1128392
2023-10-04,97.9,98.0,96.3,96.8,894744
2023-10-05,97.5,97.5,95.5,95.5,981404
2023-10-06,95.5,97.0,94.0,97.0,780148
2023-10-09,97.0,97.4,95.6,97.1,754088
2023-10-10,97.3,97.5,96.0,97.3,904745
2023-10-11,97.5,97.6,96.5,97.6,791887
2023-10-12,97.7,98.0,96.9,97.7,853980
2023-10-13,97.5,104.5,96.6,103.8,1314085
2023-10-16,103.9,103.9,101.2,102.5,823130
2023-10-17,102.0,103.0,101.8,102.9,942091
2023-10-18,103.0,105.0,102.2,104.9,1298004
2023-10-19,104.9,105.5,104.0,105.1,1010223
2023-10-20,105.1,105.3,103.6,105.2,897899
2023-10-23,105.2,105.3,99.9,103.5,1070310
2023-10-24,103.5,103.8,101.9,103.6,890860
2023-10-25,103.6,104.0,100.6,102.8,851790
2023-10-26,102.3,102.3,99.0,99.8,794277
2023-10-27,99.8,99.8,97.2,99.8,800418
2023-10-30,99.7,99.7,97.0,98.0,704265
2023-10-31,99.0,100.0,97.4,99.0,1038281
2023-11-01,99.2,105.0,99.0,104.4,905891
2023-11-02,104.9,104.9,101.4,104.9,754652
2023-11-03,104.9,106.5,104.8,106.5,1021838
2023-11-06,106.5,107.9,105.6,107.3,1242199
2023-11-07,107.0,107.3,105.1,106.0,886687
2023-11-08,106.1,113.4,104.1,113.0,1000007
2023-11-09,113.0,113.0,108.4,108.4,922222
2023-11-10,107.5,110.0,105.5,109.0,934843
2023-11-13,109.0,109.0,106.1,108.0,1040830
2023-11-14,108.5,109.1,106.5,107.8,850621
2023-11-15,108.0,110.6,107.6,108.7,921536
2023-11-16,107.6,109.0,107.0,108.5,902207
2023-11-17,108.7,109.5,104.0,105.5,903519
2023-11-20,105.7,109.0,103.5,105.7,1043479
2023-11-21,106.0,106.6,104.6,106.6,885700
2023-11-22,106.9,108.3,105.0,108.2,781231
2023-11-23,108.5,108.9,105.0,105.0,835630
2023-11-24,105.9,107.3,104.1,106.3,874886
2023-11-27,106.3,106.9,101.0,106.0,747810
2023-11-28,106.4,107.4,105.4,106.5,728790
2023-11-29,106.8,107.6,105.4,106.8,830329
2023-11-30,106.0,106.8,102.0,102.0,1000549
2023-12-01,104.5,105.4,102.0,105.4,691780
2023-12-04,105.7,107.6,104.0,105.8,866597
2023-12-05,105.8,105.9,103.8,105.1,902096
2023-12-06,105.7,106.0,104.4,105.8,774377
2023-12-07,103.8,106.0,102.5,105.7,965123
2023-12-08,105.7,105.7,103.8,104.2,816463
2023-12-11,104.3,104.5,101.8,104.2,718135
2023-12-12,104.4,104.9,102.1,104.5,758100
2023-12-13,104.8,105.0,103.2,105.0,1061642
2023-12-14,105.2,105.7,104.8,105.3,784032
2023-12-15,105.3,105.5,103.0,103.0,893011
2023-12-18,104.9,105.0,102.0,105.0,727085
2023-12-19,105.0,105.0,103.7,104.3,728655
2023-12-20,104.3,105.0,103.1,104.3,1257541
2023-12-21,104.0,106.2,103.9,105.3,750304
2023-12-22,105.5,106.2,105.1,106.2,709095
2023-12-25,106.7,107.8,106.5,107.8,777011
2023-12-26,108.0,108.2,107.5,108.0,901815
2023-12-27,108.1,108.1,107.5,107.9,1381274
2023-12-28,107.8,108.0,106.4,108.0,1594766
2023-12-29,108.0,108.0,107.0,108.0,2055732
2024-01-02,108.0,108.3,106.8,107.0,930059
2024-01-03,107.0,107.7,105.4,107.7,882544
2024-01-04,107.9,108.0,105.4,107.8,667850
2024-01-05,107.9,108.0,106.2,107.6,633231
2024-01-08,107.8,107.8,106.2,106.6,626459
2024-01-09,106.4,106.7,105.2,106.5,628722
2024-01-10,106.7,106.7,104.3,105.7,670370
2024-01-11,105.9,106.0,104.7,105.8,617093
2024-01-12,105.6,105.8,103.9,105.3,659393
2024-01-15,105.3,105.8,104.2,105.2,613446
2024-01-16,104.5,105.4,104.3,105.4,732518
2024-01-17,105.4,105.4,103.9,104.6,735904
2024-01-18,104.6,105.0,103.7,104.3,698312
2024-01-19,104.3,105.2,104.3,105.0,613159
2024-01-22,105.0,105.8,104.9,105.6,631265
2024-01-23,105.6,105.8,103.5,105.0,701603
2024-01-24,105.0,105.5,103.8,104.7,660090
2024-01-25,104.8,105.0,104.5,104.9,615310
2024-01-26,104.5,105.8,104.5,105.7,678797
2024-01-29,105.9,106.0,105.3,105.8,621393
2024-01-30,105.9,106.0,105.5,105.6,622681
2024-01-31,105.6,105.8,103.6,104.6,644993
2024-02-01,104.6,105.5,104.0,105.5,610924
2024-02-02,105.7,105.7,104.4,104.8,622558
2024-02-05,104.8,105.4,103.8,105.3,670758
2024-02-06,105.5,105.5,104.5,104.5,617672
2024-02-07,104.7,105.3,104.3,105.3,615858
2024-02-15,105.4,105.5,104.0,104.5,691086
2024-02-16,104.5,105.3,104.4,105.3,635456
2024-02-19,105.9,106.0,104.4,105.2,615677
2024-02-20,105.0,105.2,104.3,104.3,649014
2024-02-21,104.3,104.5,103.2,103.2,658239
2024-02-22,103.2,104.7,103.2,103.6,621539
2024-02-23,103.8,104.4,103.4,103.8,671068
2024-02-26,103.9,104.9,103.9,104.5,605863
2024-02-27,104.8,104.8,103.5,103.5,647962
2024-02-28,103.5,104.7,103.3,103.4,639027
2024-02-29,103.6,104.3,103.1,103.1,728828
2024-03-01,103.8,104.3,103.2,103.3,651007
2024-03-04,103.5,104.2,103.3,103.6,669502
2024-03-05,104.0,104.4,103.5,104.4,552695
2024-03-06,104.4,104.5,103.2,103.9,470841
2024-03-07,103.9,104.0,103.3,103.9,590577
2024-03-08,104.0,104.2,103.1,103.7,636750
2024-03-11,103.5,104.1,103.0,103.0,613814
2024-03-12,103.5,103.5,102.0,102.5,658966
2024-03-13,102.9,103.6,102.0,102.2,671922
2024-03-14,102.9,102.9,101.0,102.0,696331
2024-03-15,101.9,102.9,100.5,102.7,706078
2024-03-18,102.7,103.0,100.5,101.8,618703
2024-03-19,101.8,102.0,100.0,101.0,590560
2024-03-20,101.5,102.0,100.1,101.2,690781
2024-03-21,101.7,103.1,101.2,102.6,741529
2024-03-22,102.6,103.0,101.5,102.2,600034
2024-03-25,102.0,102.2,100.7,100.7,629030
2024-03-26,100.2,102.6,100.2,101.9,664906
2024-03-27,101.7,103.1,101.0,103.0,707899
2024-03-28,103.0,103.2,101.7,103.2,635698
2024-03-29,103.4,103.4,102.4,103.0,664365
2024-04-01,103.1,103.1,102.0,102.7,719350
2024-04-02,101.9,103.0,101.4,103.0,815355
2024-04-03,102.6,103.2,100.9,102.2,871602
2024-04-04,102.3,103.1,102.0,102.2,810375
2024-04-05,102.2,103.0,101.3,101.9,750438
2024-04-08,102.4,102.5,100.5,101.1,801136
2024-04-09,101.1,102.4,101.1,102.2,804268
2024-04-10,102.5,102.5,101.0,102.0,902957
2024-04-11,101.5,102.0,100.8,101.0,947641
2024-04-12,101.3,107.4,101.0,107.0,1506917
2024-04-15,106.6,106.6,104.8,105.9,1102545
2024-04-16,105.8,107.3,104.0,106.0,1023352
2024-04-17,106.1,106.1,101.9,103.4,1099407
2024-04-19,102.0,103.6,102.0,103.3,947587
2024-04-22,103.3,104.2,102.1,103.3,811165
2024-04-23,104.0,104.0,101.0,102.8,1110656
2024-04-24,103.2,103.8,102.6,103.5,897387
2024-04-25,103.8,103.8,101.5,103.5,904861
2024-04-26,103.0,104.0,101.9,104.0,903686
2024-05-02,104.0,104.2,102.2,103.9,827826
2024-05-03,104.0,106.6,103.1,106.0,1092861
2024-05-06,106.2,113.4,106.2,113.4,1740007
2024-05-07,114.0,118.7,114.0,118.6,1561749
2024-05-08,117.9,117.9,115.6,117.4,1227133
2024-05-09,117.4,118.9,116.0,117.9,1131907
2024-05-10,117.9,118.0,115.8,116.9,925026
2024-05-13,117.0,119.6,115.5,118.8,1050708
2024-05-14,119.0,119.0,116.6,117.0,1080061
2024-05-15,116.6,118.4,116.6,117.3,1319760
2024-05-16,117.5,117.8,116.0,117.5,1114252
2024-05-17,117.8,119.4,116.7,117.4,995774
2024-05-20,117.7,117.8,114.6,114.6,1006391
2024-05-21,114.6,114.7,111.0,112.5,920756
2024-05-22,112.8,114.2,109.1,109.1,1178099
2024-05-23,109.3,111.8,109.0,111.4,840594
2024-05-24,111.0,111.0,108.0,108.0,776587
2024-05-27,108.3,109.4,107.7,109.0,638563
2024-05-28,109.9,109.9,108.5,109.6,687014
2024-05-29,109.6,109.7,107.3,107.9,816191
2024-05-30,107.0,108.4,107.0,107.0,662357
2024-05-31,107.5,108.8,107.1,107.1,719504
2024-06-03,107.8,109.8,107.3,108.7,940559
2024-06-04,109.0,109.0,107.9,108.4,695604
2024-06-05,109.0,109.4,108.0,108.0,785983
2024-06-06,108.1,109.8,107.8,108.6,952286
2024-06-07,108.9,109.2,108.0,109.0,993018
2024-06-10,109.0,111.3,108.6,109.0,1074943
2024-06-11,109.0,109.0,105.4,105.8,1532905
2024-06-12,105.9,106.3,104.5,106.3,1089458
2024-06-13,106.6,106.6,105.3,106.0,835050
2024-06-14,106.0,106.2,104.0,104.8,1184371
2024-06-17,104.9,105.4,104.0,104.8,660534
2024-06-18,104.9,105.0,104.1,104.6,894107
2024-06-19,104.8,104.8,102.0,103.3,1366859
2024-06-20,103.1,103.9,102.3,103.8,1082207
2024-06-21,103.9,104.0,101.9,102.5,1211056
2024-06-24,102.4,103.0,100.9,101.6,916214
2024-06-25,101.6,102.0,100.9,101.6,788287
2024-06-26,101.9,102.0,101.1,101.6,816270
2024-06-27,101.6,102.1,100.7,102.0,853155
2024-06-28,102.0,102.1,100.7,101.5,789852
2024-07-01,101.1,101.7,99.7,100.7,933971
2024-07-02,101.0,101.2,99.7,101.0,1084092
2024-07-03,101.0,101.2,100.1,101.2,642479
2024-07-04,101.0,101.4,100.4,101.2,817674
2024-07-05,101.1,101.8,100.5,101.6,936949
2024-07-08,101.6,102.0,101.0,101.3,811004
2024-07-09,101.0,101.5,100.6,101.4,943312
2024-07-10,101.3,101.5,100.7,101.0,842639
2024-07-11,101.0,101.2,100.7,101.0,946193
2024-07-12,101.0,102.1,100.7,102.0,890517
2024-07-15,102.4,104.8,102.4,104.2,1152511
2024-07-16,104.4,105.5,103.8,105.5,813327
2024-07-17,105.5,106.0,103.2,105.5,873686
2024-07-18,105.5,105.7,103.2,105.7,999822
2024-07-19,105.9,106.0,104.5,105.6,840698
2024-07-22,104.8,105.5,104.5,105.3,741575
2024-07-23,105.5,106.0,104.6,106.0,789656
2024-07-24,105.9,107.9,105.5,107.9,807145
2024-07-25,107.4,107.9,106.5,107.9,817008
2024-07-26,107.6,107.9,106.5,107.8,631700
2024-07-29,107.8,107.9,106.1,106.2,627100
2024-07-30,106.1,106.5,104.5,105.4,689100
2024-07-31,105.5,106.3,105.1,105.9,429200
2024-08-01,106.4,107.0,104.1,104.2,779800
2024-08-02,103.8,104.8,101.8,104.8,625400
2024-08-05,104.0,104.0,98.2,99.9,880900
2024-08-06,99.9,103.0,99.9,100.5,415700
2024-08-07,100.2,100.5,98.2,99.3,733400
2024-08-08,98.8,100.0,97.0,99.3,627500
2024-08-09,99.3,101.0,99.0,100.9,490900
2024-08-12,100.9,101.9,98.9,101.1,569700
2024-08-13,100.1,103.3,100.0,102.8,439300
2024-08-14,103.2,103.2,101.2,102.5,476100
2024-08-15,102.9,102.9,101.6,102.8,574400
2024-08-16,103.2,106.0,102.0,105.0,1082800
2024-08-19,105.3,105.9,104.2,105.0,496400
2024-08-20,105.2,105.6,103.9,105.4,558300
2024-08-21,105.2,105.7,103.9,104.9,586000
2024-08-22,105.0,105.3,103.8,104.5,592700
2024-08-23,104.7,104.7,103.8,104.5,584500
2024-08-26,104.5,105.0,104.0,104.5,648700
2024-08-27,104.5,104.8,103.9,104.0,684500
2024-08-28,104.2,104.2,103.4,103.8,746800
2024-08-29,103.8,104.8,103.3,104.7,744500
2024-08-30,104.9,105.5,104.7,105.3,778900
2024-09-04,104.4,105.0,103.0,104.3,618800
2024-09-05,104.0,105.0,103.0,103.8,772700
2024-09-06,104.0,104.8,102.9,103.8,772000
2024-09-09,104.0,104.0,102.1,103.0,684800
2024-09-10,103.4,104.8,103.3,104.2,778000
2024-09-11,104.2,105.8,103.9,105.0,891500
2024-09-12,105.5,105.7,104.8,105.3,626500
2024-09-13,105.5,105.5,103.8,104.8,669700
2024-09-16,104.9,105.2,103.4,104.0,773200
2024-09-17,104.0,105.0,103.6,105.0,842400
2024-09-18,105.0,105.5,104.2,105.1,829500
2024-09-19,105.0,105.2,104.6,105.1,771000
2024-09-20,105.2,105.4,104.3,105.2,1227800
2024-09-23,105.3,105.5,104.5,105.0,563900
2024-09-24,105.0,105.2,104.5,105.1,694600
2024-09-25,105.3,105.3,104.2,104.6,863000
2024-09-26,104.7,105.1,104.2,105.1,938400
2024-09-27,105.2,105.3,104.0,105.1,706100
2024-09-30,105.1,105.2,104.3,105.0,637900
2024-10-01,105.0,105.5,104.8,105.3,791500
2024-10-02,105.1,105.3,103.8,105.0,659500
2024-10-03,105.0,106.1,104.6,105.5,793800
2024-10-04,105.6,105.7,104.8,105.3,738600
2024-10-07,105.3,105.5,104.0,105.0,661400
2024-10-08,105.0,105.2,104.0,104.8,774500
2024-10-09,104.8,105.9,104.1,105.6,890700
2024-10-10,105.6,106.0,104.6,106.0,2029000
2024-10-11,106.1,109.5,106.0,108.9,1404500
2024-10-14,109.0,109.4,106.0,107.3,1104300
2024-10-15,107.3,107.4,105.3,105.9,920900
2024-10-16,105.5,105.9,103.8,105.8,814300
2024-10-17,105.8,105.8,104.2,105.3,770900
2024-10-18,105.3,106.5,104.4,106.5,997000
2024-10-21,105.7,105.7,104.3,105.6,827000
2024-10-22,105.4,105.4,104.2,104.2,790400
2024-10-23,104.2,105.0,103.9,104.4,776200
2024-10-24,104.5,104.5,103.6,104.2,771400
2024-10-25,104.2,104.3,103.4,104.2,734700
2024-10-28,104.2,104.2,102.9,103.6,774200
2024-10-29,103.7,104.0,103.2,103.9,694700
2024-10-30,103.9,104.0,103.0,103.9,721000
2024-10-31,103.8,105.0,103.5,105.0,752200
2024-11-01,104.9,104.9,103.5,104.7,645900
2024-11-04,104.7,104.7,103.4,104.0,724900
2024-11-05,104.0,104.1,102.6,103.5,727300
2024-11-06,103.6,105.0,103.1,104.9,696700
2024-11-07,105.0,105.0,104.1,104.3,648900
2024-11-08,104.3,104.6,103.5,104.6,691200
2024-11-11,104.6,104.8,103.4,104.5,686800
2024-11-12,104.5,105.0,103.1,104.5,714300
2024-11-13,104.1,104.4,103.0,103.6,705100
2024-11-14,103.6,103.7,102.1,103.3,665000
2024-11-15,103.1,103.4,101.5,103.3,756900
2024-11-18,102.9,103.0,101.0,101.7,757900
2024-11-19,102.0,102.2,100.3,101.7,579900
2024-11-20,101.3,102.3,100.1,102.0,729300
2024-11-21,102.0,102.2,100.2,101.7,693000
2024-11-22,101.7,102.4,101.0,101.7,604800
2024-11-25,101.6,102.8,101.5,102.8,773600
2024-11-26,102.9,103.3,102.4,103.2,578700
2024-11-27,103.0,103.3,102.1,102.4,568800
2024-11-28,102.5,102.9,101.8,102.2,635800
2024-11-29,102.2,102.4,100.4,102.4,674400
2024-12-02,102.6,102.7,101.3,102.3,576300
2024-12-03,102.0,102.3,101.0,101.5,695700
2024-12-04,101.4,101.5,100.4,101.4,696300
2024-12-05,101.4,103.0,100.9,103.0,790500
2024-12-06,102.8,103.0,101.9,102.8,639400
2024-12-09,102.5,103.5,101.5,102.7,681100
2024-12-10,102.6,102.7,101.9,102.6,548800
2024-12-11,102.6,103.7,101.8,102.9,685400
2024-12-12,102.9,103.5,102.0,102.9,663200
2024-12-13,102.8,102.8,101.8,102.4,575200
2024-12-16,102.4,102.4,101.1,102.0,643600
2024-12-17,102.0,102.2,100.8,101.6,671400
2024-12-18,101.4,101.4,100.5,100.7,605900
2024-12-19,100.5,100.5,98.0,100.0,1135400
2024-12-20,100.0,100.9,99.2,99.2,1007700
2024-12-23,100.3,101.1,99.5,100.6,698100
2024-12-24,100.6,101.0,99.8,101.0,675800
2024-12-25,101.1,102.0,100.5,102.0,938200
2024-12-26,102.0,102.2,101.0,101.5,620800
2024-12-27,101.6,101.8,101.0,101.2,650900
2024-12-30,100.2,100.8,99.7,100.1,751900
2024-12-31,100.5,100.5,99.4,100.0,684300
2025-01-02,100.1,100.1,99.0,99.9,746800
2025-01-03,99.9,99.9,98.9,99.5,743700
2025-01-06,99.5,99.9,99.0,99.7,663900
2025-01-07,99.7,99.9,98.5,99.5,615600
2025-01-08,99.4,99.5,98.4,99.4,487900
2025-01-09,99.4,99.4,98.7,99.3,439600
2025-01-10,99.3,99.6,98.2,98.6,470300
2025-01-13,98.8,99.2,98.1,98.6,519700
2025-01-14,98.5,98.7,97.9,98.5,491200
2025-01-15,98.6,99.4,98.3,98.7,476400
2025-01-16,98.8,99.3,97.2,98.9,727300
2025-01-17,98.9,99.1,98.0,99.0,523200
2025-01-20,98.5,99.0,98.1,98.8,421100
2025-01-21,99.0,99.3,98.1,98.8,480800
2025-01-22,98.8,99.0,98.3,98.8,474500
2025-01-23,98.8,99.5,98.6,99.0,569800
2025-01-24,98.9,99.8,98.3,99.8,612100
2025-02-03,99.5,99.5,97.9,98.8,505200
2025-02-04,98.8,98.8,97.9,98.2,543900
2025-02-05,98.2,98.7,97.5,97.7,535700
2025-02-06,97.7,98.5,97.3,98.0,415300
2025-02-07,97.9,98.2,97.5,98.1,506800
2025-02-10,98.0,98.0,96.7,96.8,466100
2025-02-11,96.8,97.0,95.1,96.5,642800
2025-02-12,96.3,97.0,96.1,96.1,458700
2025-02-13,95.7,96.2,95.5,96.2,445400
2025-02-14,96.2,96.8,96.2,96.7,511200
2025-02-17,96.7,97.5,96.4,97.5,512400
2025-02-18,97.5,97.8,96.7,97.4,480300
2025-02-19,97.5,97.5,96.6,97.4,544900
2025-02-20,97.4,97.5,96.8,96.9,610300
2025-02-21,96.8,96.9,96.2,96.6,501600
2025-02-24,96.2,96.6,95.7,96.6,630800
2025-02-25,96.7,96.8,96.0,96.1,590700
2025-02-26,96.1,97.1,96.0,97.1,476000
2025-02-27,97.1,97.2,96.3,96.9,512100
2025-02-28,96.7,97.0,96.0,96.0,550100
2025-03-03,96.2,97.0,96.0,96.9,561200
2025-03-04,96.6,97.0,96.1,96.8,569900
2025-03-05,96.5,96.8,96.1,96.4,490400
2025-03-06,96.5,96.8,96.2,96.5,538100
2025-03-07,96.3,97.0,96.0,97.0,758800
2025-03-10,97.0,97.9,96.4,97.7,593800
2025-03-11,97.2,98.0,96.8,97.7,511400
2025-03-12,97.7,97.8,97.1,97.4,525900
2025-03-13,97.4,97.5,96.5,97.3,531400
2025-03-14,97.4,99.8,96.7,98.6,910700
2025-03-17,98.7,99.4,98.7,99.1,727600
2025-03-18,99.1,99.4,97.5,98.4,625400
2025-03-19,98.3,98.3,97.3,97.8,609400
2025-03-20,97.9,97.9,96.2,96.2,547400
2025-03-21,96.3,97.5,95.9,96.6,622400
2025-03-24,96.7,96.8,95.6,96.6,568400
2025-03-25,97.0,97.2,95.9,96.7,533900
2025-03-26,96.8,97.6,96.2,96.7,723000
2025-03-27,96.5,96.7,95.9,96.5,513700
2025-03-28,96.5,96.5,95.2,96.0,754500
2025-03-31,95.9,95.9,94.7,95.0,524800
2025-04-01,95.0,95.2,94.4,95.2,453900
2025-04-02,95.3,95.3,94.5,95.0,514900
2025-04-03,94.9,94.9,88.4,88.4,727500
2025-04-04,82.4,88.4,82.4,86.3,1024200
2025-04-08,86.0,86.0,80.3,82.6,634600
2025-04-09,78.9,82.5,77.1,79.1,632500
2025-04-10,84.6,84.6,84.6,84.6,21700
2025-04-11,90.5,90.5,84.6,85.4,997400
2025-04-14,85.4,85.5,83.6,85.5,603400
2025-04-15,84.8,85.4,82.4,83.3,795300
2025-04-16,83.3,85.5,83.2,85.4,639900
2025-04-17,83.7,88.0,83.2,88.0,1301600
2025-04-18,88.8,88.8,86.5,86.5,740900
2025-04-21,87.3,87.5,84.0,84.0,641500
2025-04-22,84.3,84.3,80.1,83.5,930200
2025-04-23,85.0,86.0,84.8,85.7,731400
2025-04-24,85.8,85.8,84.3,85.7,579400
2025-04-25,85.7,91.0,84.3,91.0,1409000
2025-04-28,89.0,90.0,87.4,89.1,450300
2025-04-29,89.1,89.1,86.0,86.0,663900
2025-05-05,86.1,89.7,86.0,89.6,636100
2025-05-06,89.6,89.7,88.1,89.0,596000
2025-05-07,89.1,89.1,88.1,88.9,589800
2025-05-08,88.8,90.2,87.4,89.8,712900
2025-05-09,89.0,90.0,88.5,89.5,588500
2025-05-12,89.5,90.5,89.0,90.4,742000
2025-05-13,91.5,91.5,89.4,90.5,597500
2025-05-14,89.8,93.0,89.5,93.0,1016000
2025-05-15,92.0,92.0,89.9,91.0,1044800
2025-05-16,90.0,90.8,89.7,90.0,625300
2025-05-19,89.5,89.5,88.0,88.0,709400
2025-05-20,88.0,88.9,86.8,88.3,898700
2025-05-21,88.4,88.4,87.2,88.3,689200
2025-05-22,87.5,88.6,87.0,87.2,837600
2025-05-23,87.1,88.0,86.6,87.8,571400
2025-05-26,87.8,87.8,86.2,87.8,574800
2025-05-27,87.5,88.8,87.3,88.4,736800
2025-05-28,88.2,88.6,87.5,88.0,632400
2025-05-29,87.5,87.7,87.2,87.5,523700
2025-05-30,87.1,87.7,86.6,87.0,531400
2025-06-02,86.9,90.1,86.5,89.5,1137400
2025-06-03,90.0,91.0,89.0,89.8,761300
2025-06-04,89.8,92.5,89.3,91.8,1376400
2025-06-05,92.0,92.0,91.0,91.3,698500
2025-06-06,90.5,91.0,88.8,90.0,998300
2025-06-09,90.0,90.0,88.0,88.8,840100
2025-06-10,89.0,89.5,88.1,89.0,574200
2025-06-11,88.8,89.0,87.6,87.6,684500
2025-06-12,87.7,89.3,87.7,88.9,661000
2025-06-13,87.5,88.0,86.8,88.0,864600
2025-06-16,87.8,87.8,86.8,87.8,747700
2025-06-17,88.0,88.1,87.1,87.7,670500
2025-06-18,87.7,88.1,87.4,87.7,662400
2025-06-19,87.3,89.2,87.0,88.5,1200900
2025-06-20,88.8,88.8,87.7,88.7,697600
2025-06-23,87.9,87.9,86.9,87.5,672800
2025-06-24,87.5,88.1,87.3,88.1,640600
2025-06-25,87.6,88.3,87.1,87.1,664900
2025-06-26,87.2,87.8,87.1,87.1,525900
2025-06-27,87.2,87.9,87.1,87.2,708000
2025-06-30,87.5,88.8,87.5,88.1,602400
2025-07-01,88.2,91.0,88.2,90.5,1284900
2025-07-02,90.5,90.5,89.9,90.2,598200
2025-07-03,87.3,90.4,87.3,89.0,699800
2025-07-04,89.1,90.0,88.5,89.8,793800
2025-07-07,89.7,90.3,88.7,90.0,789200
2025-07-08,90.0,95.0,89.5,95.0,2138100
2025-07-09,95.0,95.2,94.0,94.0,1068600
2025-07-10,94.1,96.0,93.7,96.0,1272300
2025-07-11,96.0,100.0,95.7,100.0,2011400
2025-07-14,100.4,100.9,98.2,99.0,1133300
2025-07-15,100.0,100.1,97.5,97.5,1114200
2025-07-16,97.0,97.5,95.5,96.0,1545300
2025-07-17,96.0,97.8,94.3,94.3,1712800
2025-07-18,95.5,96.2,93.0,93.3,2612300
2025-07-21,94.0,96.3,93.9,95.1,1560900
2025-07-22,95.5,101.7,95.5,101.7,2916000
2025-07-23,108.0,108.8,107.5,108.8,1717100
2025-07-24,116.4,116.4,109.4,114.0,2891800
2025-07-25,114.2,121.9,112.2,121.9,3280800
2025-07-28,124.3,129.7,124.0,127.0,2342200
2025-07-29,127.9,127.9,118.2,118.3,3093100
2025-07-30,118.3,123.9,117.5,118.7,2121100
2025-07-31,120.7,122.5,115.0,121.2,2767900
2025-08-01,121.2,121.2,117.0,119.0,2498100
2025-08-04,117.0,127.3,116.2,127.3,3266700
2025-08-05,129.0,131.9,120.0,127.3,3989200
2025-08-06,127.3,129.5,125.3,129.0,2196300
2025-08-07,129.2,129.3,125.8,127.7,2219800
2025-08-08,127.8,127.8,121.5,121.5,2177500
2025-08-11,125.0,125.0,121.5,124.0,2038500
2025-08-12,125.0,129.5,122.7,127.0,3151000
2025-08-13,127.5,127.5,123.1,127.4,3060400
2025-08-14,128.9,136.3,128.0,136.3,4476000
2025-08-15,143.1,145.8,133.9,145.6,3441800
2025-08-18,145.6,145.6,140.0,142.4,2043900
2025-08-19,151.9,152.3,144.3,146.0,2386000
2025-08-20,146.0,146.0,136.5,143.8,2404800
2025-08-21,143.7,146.0,140.1,145.8,2763800
2025-08-22,140.5,145.0,138.0,140.0,2398900
2025-08-25,140.5,144.5,140.0,142.5,2427600
2025-08-26,143.0,144.5,141.2,144.0,2017200
2025-08-27,144.5,145.1,141.8,144.1,2022600
2025-08-28,144.5,148.2,144.0,145.0,1972700
2025-08-29,145.6,146.2,142.9,144.5,2058500
2025-09-03,144.0,144.0,140.0,142.0,2128500
2025-09-04,142.2,142.2,139.5,140.0,2005200
2025-09-05,140.1,145.0,140.0,142.0,2084300
2025-09-08,141.0,142.6,139.2,141.9,2161700
2025-09-09,142.0,146.6,141.9,145.0,2383000
2025-09-10,145.5,145.6,141.8,144.9,1971900
2025-09-11,145.0,146.0,140.5,145.4,2166300
2025-09-12,145.6,148.5,144.5,146.0,2318100
2025-09-15,146.5,146.5,143.5,145.6,2238300
2025-09-16,145.7,147.1,142.0,142.0,2235800
2025-09-17,142.0,142.5,140.4,142.0,2022300
2025-09-18,142.1,142.1,139.2,139.8,2103300
2025-09-19,139.8,139.8,135.0,137.2,2084700
2025-09-22,136.5,136.7,131.0,135.5,2352000
2025-09-23,135.6,136.0,132.7,133.0,1763500
2025-09-24,133.0,134.0,130.4,133.7,1531900
2025-09-25,134.0,137.3,133.9,135.9,1690500
2025-09-26,136.1,136.1,132.5,132.5,1761300
2025-09-29,132.3,132.5,128.4,129.7,1784400
2025-09-30,129.8,131.5,128.8,129.6,1689700
2025-10-01,129.4,129.8,128.0,128.0,1675800
2025-10-02,128.2,131.5,127.4,128.7,1759900
2025-10-03,128.7,130.0,127.6,129.3,1613800
2025-10-06,129.5,134.3,129.5,134.3,1702900
2025-10-07,134.8,134.8,131.7,133.4,1598400
2025-10-08,135.0,135.0,132.3,133.4,1815000
2025-10-09,133.5,133.5,131.1,133.1,1712300
2025-10-10,133.5,134.5,132.0,133.3,1820600
2025-10-13,131.9,142.6,130.0,142.6,3773100
2025-10-14,145.5,152.5,143.6,152.5,4715400
2025-10-15,156.7,163.1,152.8,163.1,3453800
2025-10-16,164.0,173.5,161.2,173.5,3679500
2025-10-17,173.6,179.0,169.0,175.0,3068900
2025-10-20,174.5,180.0,165.6,174.5,3485400
2025-10-21,174.5,186.7,174.5,180.0,4128300
2025-10-22,180.5,181.3,177.1,180.2,2921000
2025-10-23,180.1,185.1,180.1,184.0,2601400
2025-10-24,184.0,184.5,173.5,180.0,3503900
2025-10-27,183.0,183.0,170.0,175.3,3024700
2025-10-28,174.3,187.5,174.3,187.5,3724300
2025-10-29,189.5,196.5,189.0,195.1,2318200
2025-10-30,195.1,201.2,192.6,195.5,2386700
2025-10-31,194.0,194.2,184.5,187.0,2801200
2025-11-03,186.8,189.9,183.1,183.5,2409100
2025-11-04,184.0,189.0,182.8,185.8,2129600
2025-11-05,185.3,186.5,183.0,184.5,2043500
2025-11-06,184.8,186.5,180.9,180.9,1768700
2025-11-07,178.5,180.0,172.9,178.0,2066800
2025-11-10,178.5,181.0,175.3,176.5,1928500
2025-11-11,176.5,177.5,170.5,174.9,2016700
2025-11-12,175.0,177.0,170.3,176.1,1922100
2025-11-13,175.8,177.8,174.2,176.3,1857900
2025-11-14,175.6,177.0,173.3,176.4,1849300
2025-11-17,176.4,179.0,174.5,179.0,1912600
2025-11-18,180.2,180.2,177.0,179.1,1830000
2025-11-19,178.7,179.1,176.1,178.0,1811700
2025-11-20,177.5,190.4,177.2,190.4,3009500
2025-11-21,191.0,197.1,188.6,194.6,1923700
2025-11-24,194.7,205.1,193.0,204.8,2856900
2025-11-25,205.3,219.1,203.5,219.1,3212400
2025-11-26,218.5,220.0,206.9,207.8,2250800
2025-11-27,207.0,207.8,193.3,202.0,4882800
2025-11-28,201.0,206.8,196.8,203.5,1487300
2025-12-01,203.7,210.7,200.7,203.9,1854100
2025-12-02,204.0,218.1,201.6,217.9,3559400
2025-12-03,218.2,218.3,212.2,214.0,1692700
2025-12-04,214.1,214.1,206.0,206.0,2249900
2025-12-05,204.2,207.5,200.0,207.5,2320700
2025-12-08,204.4,207.5,200.9,206.4,1673000
2025-12-09,205.0,205.0,200.0,200.0,1981000
2025-12-10,200.5,201.0,193.6,196.6,2538900
2025-12-11,195.7,196.3,187.9,188.0,1748000
2025-12-12,185.0,190.5,179.8,185.0,1994200
2025-12-15,184.0,187.0,183.0,186.0,1403500
2025-12-16,186.1,191.5,181.8,191.5,1586300
2025-12-17,191.6,191.6,185.1,185.1,1511100
2025-12-18,185.1,196.0,182.9,193.9,2130100
2025-12-19,194.0,199.9,191.8,199.9,2115800
2025-12-22,200.0,207.0,197.6,206.0,1857400
2025-12-23,205.5,210.0,202.3,206.5,1843400
2025-12-24,206.0,206.2,199.0,199.0,1833200
2025-12-25,197.4,212.9,195.8,212.0,3518200
2025-12-26,208.7,212.5,205.0,207.9,1665600
2025-12-29,208.4,211.2,206.7,208.2,1680400
2025-12-30,208.0,208.2,199.6,205.4,1702600
2025-12-31,204.5,209.0,201.7,209.0,1395200
2026-01-05,207.0,209.5,203.7,207.5,1788000
2026-01-06,207.5,215.5,205.2,212.2,2090200
2026-01-07,212.5,212.7,207.9,209.6,1487800
2026-01-08,210.0,211.2,199.5,203.0,2229900
2026-01-09,201.7,202.7,190.0,198.7,2533600
2026-01-12,197.8,198.0,188.0,195.0,1966900
2026-01-13,194.0,196.5,190.2,195.0,1639400
2026-01-14,194.2,195.2,186.0,189.4,1902700
2026-01-15,188.5,188.5,177.5,180.5,1674500
2026-01-16,180.5,187.0,179.6,184.0,1380500
2026-01-19,184.5,187.0,182.2,185.0,1083300
2026-01-20,185.5,186.0,181.3,181.8,1416900
2026-01-21,181.5,183.5,178.1,181.8,1463200
2026-01-22,181.0,182.1,179.1,181.0,1307700
2026-01-23,181.5,193.6,179.9,193.6,1510400
2026-01-26,189.7,189.9,182.0,182.0,1220900
2026-01-27,182.2,183.5,178.8,178.8,1224400
2026-01-28,179.0,180.2,166.6,171.5,1969300
2026-01-29,172.0,172.9,161.0,164.0,1782400
2026-01-30,164.3,170.5,159.4,170.5,1696000
2026-02-02,170.7,171.7,160.3,170.0,1498600
2026-02-03,168.8,170.0,164.8,168.0,1304800
2026-02-04,166.0,167.0,161.2,165.0,1312300
2026-02-05,164.0,170.0,162.2,166.5,1515400
2026-02-06,165.0,166.1,161.4,166.0,1268400
2026-02-09,166.0,168.5,164.5,165.0,1042500
2026-02-10,164.0,165.0,161.5,163.0,1049000
2026-02-11,162.5,168.0,161.2,168.0,1187900
2026-02-12,168.0,170.0,165.7,168.0,1078600
2026-02-13,168.0,169.5,165.5,169.2,1247500
2026-02-23,169.5,175.0,169.2,174.9,1266800
2026-02-24,174.9,186.6,170.7,186.6,1663400
2026-02-25,180.2,183.5,177.0,178.5,1183500
2026-02-26,177.5,179.1,173.7,178.5,1174800
2026-02-27,177.8,178.5,175.2,175.8,1133900
2026-03-02,170.5,171.6,168.2,169.0,1184600
2026-03-03,168.3,170.0,164.1,164.1,1193000
2026-03-04,163.6,166.0,155.8,163.2,1467800
2026-03-05,163.3,163.7,156.0,156.4,1566900
2026-03-06,156.0,158.5,152.2,156.4,1238100
2026-03-09,149.5,153.0,145.5,153.0,1111300
2026-03-10,154.3,156.0,150.7,155.0,1429000
2026-03-11,157.0,160.0,152.8,159.7,1433700
